,z,t,theta_train
0,-1.0,0.0,0.128024047274532
1,-1.0,0.012,0.1499377285014953
2,-1.0,0.024,0.2735504968159863
3,-1.0,0.036000000000000004,0.3112475130592143
4,-1.0,0.048,0.3189696393614829
5,-1.0,0.06,0.3391218179664526
6,-1.0,0.07200000000000001,0.3497761841100123
7,-1.0,0.084,0.35923648699206856
8,-1.0,0.096,0.3613797097148239
9,-1.0,0.10800000000000001,0.3637383073880003
10,-1.0,0.12,0.3787694613071661
11,-1.0,0.132,0.382122576204746
12,-1.0,0.14400000000000002,0.38454946784934557
13,-1.0,0.156,0.38775273597920473
14,-1.0,0.168,0.3971914357249537
15,-1.0,0.18,0.3884732288254876
16,-1.0,0.192,0.39313479390139755
17,-1.0,0.204,0.39791800985102793
18,-1.0,0.21600000000000003,0.409144199033329
19,-1.0,0.228,0.4054867193925846
20,-1.0,0.24,0.39903554617666664
21,-1.0,0.252,0.3986571108807079
22,-1.0,0.264,0.37795531314642583
23,-1.0,0.276,0.36493479813207147
24,-1.0,0.28800000000000003,0.36494405527487067
25,-1.0,0.3,0.3569890585006157
26,-1.0,0.312,0.3473126988704731
27,-1.0,0.324,0.34469592944499433
28,-1.0,0.336,0.33796509203037295
29,-1.0,0.34800000000000003,0.3403707812279569
30,-1.0,0.36,0.33557827198967066
31,-1.0,0.37200000000000005,0.340466362084579
32,-1.0,0.384,0.33498029772228183
33,-1.0,0.396,0.32168097669900597
34,-1.0,0.408,0.3221461774978767
35,-1.0,0.42,0.3181481816459126
36,-1.0,0.43200000000000005,0.31801266113924453
37,-1.0,0.444,0.32218386455037934
38,-1.0,0.456,0.3115584118873458
39,-1.0,0.46799999999999997,0.3227606387888106
40,-1.0,0.48,0.3267323727020671
41,-1.0,0.49200000000000005,0.30144288844149286
42,-1.0,0.504,0.31595238121799374
43,-1.0,0.516,0.30525214950201696
44,-1.0,0.528,0.30597773684634044
45,-1.0,0.54,0.29308433047717614
46,-1.0,0.552,0.3008907204561707
47,-1.0,0.5640000000000001,0.301524268214649
48,-1.0,0.5760000000000001,0.29643462589007724
49,-1.0,0.588,0.2940353605879096
50,-1.0,0.6,0.30775617352200696
51,-1.0,0.612,0.29354479060860317
52,-1.0,0.624,0.2957724455496796
53,-1.0,0.636,0.2925146660031732
54,-1.0,0.648,0.29240352176122775
55,-1.0,0.66,0.2823517788434589
56,-1.0,0.672,0.28879777715118515
57,-1.0,0.684,0.2882598884338154
58,-1.0,0.6960000000000001,0.2896225601343997
59,-1.0,0.708,0.2822046637582082
60,-1.0,0.72,0.28566878614092045
61,-1.0,0.732,0.2789633876330597
62,-1.0,0.7440000000000001,0.2746350450609982
63,-1.0,0.7559999999999999,0.27541715958365176
64,-1.0,0.768,0.27867121877159234
65,-1.0,0.78,0.26675865408700383
66,-1.0,0.792,0.27582155094860145
67,-1.0,0.804,0.2692358583911644
68,-1.0,0.8160000000000001,0.2675637533110272
69,-1.0,0.8280000000000001,0.2743410994383502
70,-1.0,0.84,0.2638993560945341
71,-1.0,0.852,0.26604777099747046
72,-1.0,0.8640000000000001,0.26476211811583267
73,-1.0,0.8759999999999999,0.26774757916021424
74,-1.0,0.888,0.25991026314570487
75,-1.0,0.9,0.26354551873082177
76,-1.0,0.912,0.25321122937403573
77,-1.0,0.924,0.2616254643312567
78,-1.0,0.9359999999999999,0.26215619469035234
79,-1.0,0.948,0.2614106471355586
80,-1.0,0.96,0.26688342752953637
81,-1.0,0.972,0.2687550209923933
82,-1.0,0.9840000000000001,0.26514381332798925
83,-1.0,0.996,0.25112802280951296
84,-1.0,1.008,0.2661544614710075
85,-1.0,1.02,0.24769781871240815
86,-1.0,1.032,0.2588076399963586
87,-1.0,1.044,0.2555082781302797
88,-1.0,1.056,0.26021051820800045
89,-1.0,1.068,0.2565510325113688
90,-1.0,1.08,0.26814605325648
91,-1.0,1.092,0.2591838907437687
92,-1.0,1.104,0.26205036512324503
93,-1.0,1.1159999999999999,0.25770501582479766
94,-1.0,1.128,0.2634812638862323
95,-1.0,1.14,0.25863699119563827
96,-1.0,1.152,0.26204011720801046
97,-1.0,1.1640000000000001,0.2632230373032756
98,-1.0,1.176,0.2578819221457077
99,-1.0,1.188,0.2571738355225499
100,-1.0,1.2,0.25345582319464827
101,-1.0,1.212,0.262669256518485
102,-1.0,1.224,0.2572660070062078
103,-1.0,1.236,0.26409364942746105
104,-1.0,1.248,0.2558003313324716
105,-1.0,1.26,0.26135246143850444
106,-1.0,1.272,0.2599733940330566
107,-1.0,1.284,0.25702509685606706
108,-1.0,1.296,0.2569976823248147
109,-1.0,1.308,0.2614393502900735
110,-1.0,1.32,0.25774512495023216
111,-1.0,1.3319999999999999,0.2600663702702739
112,-1.0,1.344,0.2621869198224162
113,-1.0,1.3559999999999999,0.25985888919442096
114,-1.0,1.368,0.2563660298413177
115,-1.0,1.38,0.2499810513132336
116,-1.0,1.392,0.26310517402176375
117,-1.0,1.404,0.2565809691644404
118,-1.0,1.416,0.2643256833704112
119,-1.0,1.4280000000000002,0.25168651205550907
120,-1.0,1.44,0.25824052914448037
121,-1.0,1.452,0.2535010050973094
122,-1.0,1.464,0.258538842725646
123,-1.0,1.476,0.25632131499811395
124,-1.0,1.4880000000000002,0.252046254472944
125,-1.0,1.5,0.25139627484027216
126,-1.0,1.5119999999999998,0.2615552351983556
127,-1.0,1.524,0.2565022818170356
128,-1.0,1.536,0.25231397623672414
129,-1.0,1.548,0.245202327304806
130,-1.0,1.56,0.2527531682633633
131,-1.0,1.5719999999999998,0.2430122306339098
132,-1.0,1.584,0.2480747093139852
133,-1.0,1.5959999999999999,0.2394337081936544
134,-1.0,1.608,0.24519829620128752
135,-1.0,1.62,0.2505073971183559
136,-1.0,1.632,0.2431948805661823
137,-1.0,1.644,0.2383221623586787
138,-1.0,1.656,0.24951948105383406
139,-1.0,1.6680000000000001,0.2372234765693625
140,-1.0,1.68,0.23757816538653576
141,-1.0,1.692,0.24485572613630185
142,-1.0,1.704,0.23931263292437832
143,-1.0,1.716,0.2393204041397248
144,-1.0,1.7280000000000002,0.22362653151658657
145,-1.0,1.74,0.24160550076696996
146,-1.0,1.7519999999999998,0.22873825645588383
147,-1.0,1.764,0.22947321270209736
148,-1.0,1.776,0.22689552533115506
149,-1.0,1.788,0.23153016656223815
150,-1.0,1.8,0.23136461672007136
151,-1.0,1.8119999999999998,0.22991092686540937
152,-1.0,1.824,0.23071946690778172
153,-1.0,1.8359999999999999,0.22966090392194358
154,-1.0,1.848,0.23146443087205346
155,-1.0,1.86,0.2253567633230191
156,-1.0,1.8719999999999999,0.22632112696588147
157,-1.0,1.884,0.23170949500206278
158,-1.0,1.896,0.2303278198850634
159,-1.0,1.908,0.23074089880492893
160,-1.0,1.92,0.2255317615480385
161,-1.0,1.932,0.22654870550431955
162,-1.0,1.944,0.21928898217456935
163,-1.0,1.956,0.21962885979894983
164,-1.0,1.9680000000000002,0.22019812539747097
165,-1.0,1.98,0.21568885895162662
166,-1.0,1.992,0.21930958447279705
167,-1.0,2.004,0.22634426086904202
168,-1.0,2.016,0.29423939501981355
169,-1.0,2.028,0.3284046099477324
170,-1.0,2.04,0.3519079934756545
171,-1.0,2.052,0.3638483170437075
172,-1.0,2.064,0.36287403223156617
173,-1.0,2.076,0.37929099649350506
174,-1.0,2.088,0.38145845750419216
175,-1.0,2.1,0.3893597384764165
176,-1.0,2.112,0.38565847030783845
177,-1.0,2.124,0.40066915733793435
178,-1.0,2.136,0.3983559042106812
179,-1.0,2.148,0.3895948189134923
180,-1.0,2.16,0.4073407178211848
181,-1.0,2.1719999999999997,0.4038278539973684
182,-1.0,2.184,0.4109192485220549
183,-1.0,2.1959999999999997,0.40985972805039006
184,-1.0,2.208,0.408944701970387
185,-1.0,2.22,0.4110635073380866
186,-1.0,2.2319999999999998,0.4170506084149548
187,-1.0,2.244,0.40512489422011533
188,-1.0,2.256,0.41505597919331855
189,-1.0,2.268,0.38318474990203094
190,-1.0,2.28,0.3880373223284921
191,-1.0,2.2920000000000003,0.3758386033943485
192,-1.0,2.3040000000000003,0.3774631401363151
193,-1.0,2.316,0.36634735758022613
194,-1.0,2.3280000000000003,0.3726228973863875
195,-1.0,2.34,0.3640501029207074
196,-1.0,2.352,0.36478270910474875
197,-1.0,2.364,0.35213893444706584
198,-1.0,2.376,0.35826338091657517
199,-1.0,2.388,0.35344556131949817
200,-1.0,2.4,0.3495242713371876
201,-1.0,2.412,0.34492528473231604
202,-1.0,2.424,0.35181165761280087
203,-1.0,2.436,0.3428422576512481
204,-1.0,2.448,0.34110957000766173
205,-1.0,2.46,0.34525443843158565
206,-1.0,2.472,0.3355598222013486
207,-1.0,2.484,0.33751093748482386
208,-1.0,2.496,0.34204755501584283
209,-1.0,2.508,0.33129798017565565
210,-1.0,2.52,0.3301708308399886
211,-1.0,2.532,0.3281321348284487
212,-1.0,2.544,0.3315621872924729
213,-1.0,2.556,0.3323463829232968
214,-1.0,2.568,0.3213376972170271
215,-1.0,2.58,0.32454084720112775
216,-1.0,2.592,0.3130294751114443
217,-1.0,2.6039999999999996,0.3258064038568238
218,-1.0,2.616,0.3141710152984208
219,-1.0,2.628,0.3177529814543801
220,-1.0,2.64,0.32522492568455247
221,-1.0,2.6519999999999997,0.310772985711544
222,-1.0,2.6639999999999997,0.3204395797670019
223,-1.0,2.676,0.3128059342282915
224,-1.0,2.688,0.3060066215034726
225,-1.0,2.7,0.3095326585017833
226,-1.0,2.7119999999999997,0.2936919208603563
227,-1.0,2.7239999999999998,0.3087093154733853
228,-1.0,2.736,0.3098476734976527
229,-1.0,2.748,0.3081511599095421
230,-1.0,2.76,0.30486124276946364
231,-1.0,2.772,0.30259687087267645
232,-1.0,2.7840000000000003,0.3042295021566762
233,-1.0,2.7960000000000003,0.3058763013402391
234,-1.0,2.8080000000000003,0.3073132211288257
235,-1.0,2.82,0.30644950379306113
236,-1.0,2.832,0.2969085316985075
237,-1.0,2.844,0.2943448578465716
238,-1.0,2.8560000000000003,0.29879549557827567
239,-1.0,2.8680000000000003,0.2978561583576695
240,-1.0,2.88,0.29966936542403966
241,-1.0,2.892,0.29471881471774763
242,-1.0,2.904,0.2934097683008734
243,-1.0,2.9160000000000004,0.2923825797219307
244,-1.0,2.928,0.29085966345628633
245,-1.0,2.94,0.28644397782869635
246,-1.0,2.952,0.2805801818315952
247,-1.0,2.964,0.2921470580841809
248,-1.0,2.9760000000000004,0.30098360333545854
249,-1.0,2.988,0.2898186830879123
250,-1.0,3.0,0.2927496426011888
251,-3.0,0.0,0.1301039658064277
252,-3.0,0.012,0.11965033693642423
253,-3.0,0.024,0.12719391559677728
254,-3.0,0.036000000000000004,0.12302608435813572
255,-3.0,0.048,0.12948616084849843
256,-3.0,0.06,0.23150842248152892
257,-3.0,0.07200000000000001,0.26327922765306616
258,-3.0,0.084,0.301256386319549
259,-3.0,0.096,0.32350970500220266
260,-3.0,0.10800000000000001,0.34157771741818993
261,-3.0,0.12,0.3423798903810718
262,-3.0,0.132,0.3621595546105064
263,-3.0,0.14400000000000002,0.36184150172532276
264,-3.0,0.156,0.3621785632194977
265,-3.0,0.168,0.3812499843071846
266,-3.0,0.18,0.3790383204793072
267,-3.0,0.192,0.3907935651062192
268,-3.0,0.204,0.38434612353297465
269,-3.0,0.21600000000000003,0.3835347612044677
270,-3.0,0.228,0.39296114839257973
271,-3.0,0.24,0.38957011324277463
272,-3.0,0.252,0.38583894548433206
273,-3.0,0.264,0.38463345465691823
274,-3.0,0.276,0.3661087062525633
275,-3.0,0.28800000000000003,0.3664172213512627
276,-3.0,0.3,0.34693474737295177
277,-3.0,0.312,0.35355052361518585
278,-3.0,0.324,0.34566630649435215
279,-3.0,0.336,0.33860910269389344
280,-3.0,0.34800000000000003,0.32967872406655835
281,-3.0,0.36,0.3366708162228276
282,-3.0,0.37200000000000005,0.33413731360317683
283,-3.0,0.384,0.33089951055791383
284,-3.0,0.396,0.325161631222337
285,-3.0,0.408,0.32292202375424883
286,-3.0,0.42,0.32956169715445444
287,-3.0,0.43200000000000005,0.3215964195974552
288,-3.0,0.444,0.32523849403491356
289,-3.0,0.456,0.3135669456826196
290,-3.0,0.46799999999999997,0.3120732787647457
291,-3.0,0.48,0.3189704014592242
292,-3.0,0.49200000000000005,0.3096560262288885
293,-3.0,0.504,0.3107151114169385
294,-3.0,0.516,0.31439273608227114
295,-3.0,0.528,0.3031787124257529
296,-3.0,0.54,0.30172058038839283
297,-3.0,0.552,0.30919304439498996
298,-3.0,0.5640000000000001,0.3001978463009854
299,-3.0,0.5760000000000001,0.29904658269757817
300,-3.0,0.588,0.29340514426142483
301,-3.0,0.6,0.2990308297826529
302,-3.0,0.612,0.2971787726514695
303,-3.0,0.624,0.2939631506508431
304,-3.0,0.636,0.29605076069083114
305,-3.0,0.648,0.28805719071407
306,-3.0,0.66,0.2898030027260927
307,-3.0,0.672,0.2872108864170591
308,-3.0,0.684,0.292293596932903
309,-3.0,0.6960000000000001,0.2963253494006645
310,-3.0,0.708,0.2866037982694984
311,-3.0,0.72,0.290122164303574
312,-3.0,0.732,0.28137447780297714
313,-3.0,0.7440000000000001,0.28084110407788576
314,-3.0,0.7559999999999999,0.2814023420186131
315,-3.0,0.768,0.28248013378853604
316,-3.0,0.78,0.2822240253991795
317,-3.0,0.792,0.27590284595386844
318,-3.0,0.804,0.27494433664686063
319,-3.0,0.8160000000000001,0.2759003730190147
320,-3.0,0.8280000000000001,0.27237015831143047
321,-3.0,0.84,0.2678511761246151
322,-3.0,0.852,0.2737789915140903
323,-3.0,0.8640000000000001,0.272912482355172
324,-3.0,0.8759999999999999,0.2805013041371441
325,-3.0,0.888,0.2709985219071747
326,-3.0,0.9,0.2687726444438096
327,-3.0,0.912,0.27841495581325504
328,-3.0,0.924,0.2647062413029852
329,-3.0,0.9359999999999999,0.26452400869297227
330,-3.0,0.948,0.27015802686028356
331,-3.0,0.96,0.2737775601075018
332,-3.0,0.972,0.27478893902758833
333,-3.0,0.9840000000000001,0.2743004548881536
334,-3.0,0.996,0.2637280154467083
335,-3.0,1.008,0.2638494846599512
336,-3.0,1.02,0.27171916882265
337,-3.0,1.032,0.2656366965594436
338,-3.0,1.044,0.2635401445221773
339,-3.0,1.056,0.2602505086629198
340,-3.0,1.068,0.25956977746514526
341,-3.0,1.08,0.2635205382584109
342,-3.0,1.092,0.26123970100610744
343,-3.0,1.104,0.2660020424751333
344,-3.0,1.1159999999999999,0.26290496266521085
345,-3.0,1.128,0.27150307712424654
346,-3.0,1.14,0.26101548950596887
347,-3.0,1.152,0.2641216108311114
348,-3.0,1.1640000000000001,0.2547452834980906
349,-3.0,1.176,0.26697655982025364
350,-3.0,1.188,0.26039547925967016
351,-3.0,1.2,0.2633459428635786
352,-3.0,1.212,0.2602461776124001
353,-3.0,1.224,0.25128405583849034
354,-3.0,1.236,0.2663967129700899
355,-3.0,1.248,0.25469618287424545
356,-3.0,1.26,0.2571991198934501
357,-3.0,1.272,0.2620376512428448
358,-3.0,1.284,0.2547179488089897
359,-3.0,1.296,0.2642312372509368
360,-3.0,1.308,0.2658369164763671
361,-3.0,1.32,0.24221305701517468
362,-3.0,1.3319999999999999,0.2589475712524395
363,-3.0,1.344,0.2543647502605581
364,-3.0,1.3559999999999999,0.2581824410443532
365,-3.0,1.368,0.257109089272685
366,-3.0,1.38,0.2608527591358885
367,-3.0,1.392,0.26618509568182847
368,-3.0,1.404,0.25266399860135547
369,-3.0,1.416,0.2646074618045067
370,-3.0,1.4280000000000002,0.2578206864478645
371,-3.0,1.44,0.26070594778329254
372,-3.0,1.452,0.2549719377577868
373,-3.0,1.464,0.25343476830900047
374,-3.0,1.476,0.2589757118471297
375,-3.0,1.4880000000000002,0.24663505022550655
376,-3.0,1.5,0.2512792401874912
377,-3.0,1.5119999999999998,0.26080886099448647
378,-3.0,1.524,0.2550657320851663
379,-3.0,1.536,0.25307414855345517
380,-3.0,1.548,0.25113668228670755
381,-3.0,1.56,0.2537485811782823
382,-3.0,1.5719999999999998,0.25591630108735774
383,-3.0,1.584,0.25015682661004834
384,-3.0,1.5959999999999999,0.2521105264156918
385,-3.0,1.608,0.25407222979022465
386,-3.0,1.62,0.25369988059599785
387,-3.0,1.632,0.26209826665297076
388,-3.0,1.644,0.252493650805222
389,-3.0,1.656,0.24367711976940368
390,-3.0,1.6680000000000001,0.2514874087253277
391,-3.0,1.68,0.24155605172107458
392,-3.0,1.692,0.248287957017264
393,-3.0,1.704,0.24258165883502186
394,-3.0,1.716,0.2498888558829805
395,-3.0,1.7280000000000002,0.23916825198058664
396,-3.0,1.74,0.23658521060631096
397,-3.0,1.7519999999999998,0.24464303364600004
398,-3.0,1.764,0.23575417574862859
399,-3.0,1.776,0.2383140596553607
400,-3.0,1.788,0.23880322889784777
401,-3.0,1.8,0.24224793564934524
402,-3.0,1.8119999999999998,0.24461330098131573
403,-3.0,1.824,0.23887570478628084
404,-3.0,1.8359999999999999,0.23781745108513969
405,-3.0,1.848,0.23955770911674198
406,-3.0,1.86,0.2328193178287664
407,-3.0,1.8719999999999999,0.239477182777825
408,-3.0,1.884,0.23052632236129744
409,-3.0,1.896,0.22351186903727813
410,-3.0,1.908,0.2383255334792607
411,-3.0,1.92,0.2307118183436684
412,-3.0,1.932,0.22963159342590264
413,-3.0,1.944,0.236892383853226
414,-3.0,1.956,0.23415821284819233
415,-3.0,1.9680000000000002,0.23951995371560975
416,-3.0,1.98,0.23001991366626348
417,-3.0,1.992,0.23508984819699205
418,-3.0,2.004,0.24045851668067347
419,-3.0,2.016,0.23824283990876405
420,-3.0,2.028,0.2523365616433066
421,-3.0,2.04,0.29247418090911087
422,-3.0,2.052,0.31832472615477164
423,-3.0,2.064,0.34238836637015074
424,-3.0,2.076,0.3464334439451716
425,-3.0,2.088,0.36525631086724325
426,-3.0,2.1,0.3740418025848954
427,-3.0,2.112,0.38137066288204413
428,-3.0,2.124,0.38936451413665873
429,-3.0,2.136,0.38723956068610565
430,-3.0,2.148,0.3974635848709772
431,-3.0,2.16,0.38958087186367585
432,-3.0,2.1719999999999997,0.3934161769740725
433,-3.0,2.184,0.4018239225941515
434,-3.0,2.1959999999999997,0.4010832970118649
435,-3.0,2.208,0.4076212078345141
436,-3.0,2.22,0.4206428390245143
437,-3.0,2.2319999999999998,0.4080011952881151
438,-3.0,2.244,0.40653105223841735
439,-3.0,2.256,0.3971588336321651
440,-3.0,2.268,0.3931998950150148
441,-3.0,2.28,0.3842245350917651
442,-3.0,2.2920000000000003,0.378651794443961
443,-3.0,2.3040000000000003,0.37643317464801107
444,-3.0,2.316,0.37655367153005853
445,-3.0,2.3280000000000003,0.3690195371865836
446,-3.0,2.34,0.36647870945172867
447,-3.0,2.352,0.37153049874468286
448,-3.0,2.364,0.360147015532643
449,-3.0,2.376,0.340856877497225
450,-3.0,2.388,0.3510067771114925
451,-3.0,2.4,0.3539282830784246
452,-3.0,2.412,0.34534744067362205
453,-3.0,2.424,0.3439541206700407
454,-3.0,2.436,0.3368829562763605
455,-3.0,2.448,0.3463228373126225
456,-3.0,2.46,0.3431041817689369
457,-3.0,2.472,0.33595197952475214
458,-3.0,2.484,0.34095155239644825
459,-3.0,2.496,0.3470729765574352
460,-3.0,2.508,0.33515526354496233
461,-3.0,2.52,0.3355062603419315
462,-3.0,2.532,0.34000896271089404
463,-3.0,2.544,0.34156274907365636
464,-3.0,2.556,0.33184432009948905
465,-3.0,2.568,0.3342767955791764
466,-3.0,2.58,0.31461911241569496
467,-3.0,2.592,0.33851821924424486
468,-3.0,2.6039999999999996,0.3277093971233087
469,-3.0,2.616,0.316004132742161
470,-3.0,2.628,0.3231533435202689
471,-3.0,2.64,0.32141193271166096
472,-3.0,2.6519999999999997,0.31639854688929386
473,-3.0,2.6639999999999997,0.31991886029785327
474,-3.0,2.676,0.3097922455116809
475,-3.0,2.688,0.3158521487603138
476,-3.0,2.7,0.32324897609850234
477,-3.0,2.7119999999999997,0.3247416000569463
478,-3.0,2.7239999999999998,0.30844848063226965
479,-3.0,2.736,0.31779391996023587
480,-3.0,2.748,0.3114464608897063
481,-3.0,2.76,0.3072351067284824
482,-3.0,2.772,0.30927498107947393
483,-3.0,2.7840000000000003,0.3060710359364413
484,-3.0,2.7960000000000003,0.3095918038495137
485,-3.0,2.8080000000000003,0.2942182707965096
486,-3.0,2.82,0.3048604328144444
487,-3.0,2.832,0.3038860249872125
488,-3.0,2.844,0.30680937981375395
489,-3.0,2.8560000000000003,0.3089772610952499
490,-3.0,2.8680000000000003,0.29752272216575665
491,-3.0,2.88,0.30478244188951953
492,-3.0,2.892,0.29992633743686326
493,-3.0,2.904,0.2968660230560488
494,-3.0,2.9160000000000004,0.3000934536724605
495,-3.0,2.928,0.2967902723191636
496,-3.0,2.94,0.29863950693931435
497,-3.0,2.952,0.29047781078005686
498,-3.0,2.964,0.30314951951927305
499,-3.0,2.9760000000000004,0.29761791429089285
500,-3.0,2.988,0.288232061529507
501,-3.0,3.0,0.28922651792268167
502,-5.0,0.0,0.1290884218008287
503,-5.0,0.012,0.13227168966788774
504,-5.0,0.024,0.12677908047444314
505,-5.0,0.036000000000000004,0.12677016902107252
506,-5.0,0.048,0.12333188601059024
507,-5.0,0.06,0.12238776210460064
508,-5.0,0.07200000000000001,0.12068069471179309
509,-5.0,0.084,0.1181254868612604
510,-5.0,0.096,0.13937473121398938
511,-5.0,0.10800000000000001,0.22769828687535276
512,-5.0,0.12,0.2623337212112112
513,-5.0,0.132,0.3054121747944337
514,-5.0,0.14400000000000002,0.3236450954068012
515,-5.0,0.156,0.3320498286716413
516,-5.0,0.168,0.33411387627391576
517,-5.0,0.18,0.3576469539240353
518,-5.0,0.192,0.3695439198086801
519,-5.0,0.204,0.35884143982334676
520,-5.0,0.21600000000000003,0.3748572072252814
521,-5.0,0.228,0.3816249008669331
522,-5.0,0.24,0.3902612912216998
523,-5.0,0.252,0.3809757525229246
524,-5.0,0.264,0.3679132216579464
525,-5.0,0.276,0.3698315656565822
526,-5.0,0.28800000000000003,0.3557389944858437
527,-5.0,0.3,0.35816663493994005
528,-5.0,0.312,0.3480391216327228
529,-5.0,0.324,0.34095697700118255
530,-5.0,0.336,0.3412859557218739
531,-5.0,0.34800000000000003,0.33885319511793577
532,-5.0,0.36,0.33605387104075857
533,-5.0,0.37200000000000005,0.32956424378683485
534,-5.0,0.384,0.33117488380852833
535,-5.0,0.396,0.33073366270857224
536,-5.0,0.408,0.3196392605752095
537,-5.0,0.42,0.3126871348240462
538,-5.0,0.43200000000000005,0.3168121660148453
539,-5.0,0.444,0.31652285515720485
540,-5.0,0.456,0.3165616601538477
541,-5.0,0.46799999999999997,0.31305468583632623
542,-5.0,0.48,0.3163395537937159
543,-5.0,0.49200000000000005,0.3080214453669419
544,-5.0,0.504,0.31116414797727154
545,-5.0,0.516,0.31531556172947856
546,-5.0,0.528,0.304930509471244
547,-5.0,0.54,0.303633281352019
548,-5.0,0.552,0.2986698731551851
549,-5.0,0.5640000000000001,0.30290357607652724
550,-5.0,0.5760000000000001,0.3011577536541902
551,-5.0,0.588,0.3000244672570105
552,-5.0,0.6,0.30042695201211345
553,-5.0,0.612,0.3021441126392526
554,-5.0,0.624,0.2857182884738563
555,-5.0,0.636,0.29709887995060213
556,-5.0,0.648,0.29147575992092795
557,-5.0,0.66,0.2888935947350774
558,-5.0,0.672,0.28943601212137204
559,-5.0,0.684,0.2873397225543221
560,-5.0,0.6960000000000001,0.2897161229138768
561,-5.0,0.708,0.28749175502116886
562,-5.0,0.72,0.28679945851874644
563,-5.0,0.732,0.2947819120666057
564,-5.0,0.7440000000000001,0.2797913361583221
565,-5.0,0.7559999999999999,0.2770533028197853
566,-5.0,0.768,0.28201614068782555
567,-5.0,0.78,0.2841391647313944
568,-5.0,0.792,0.2889945829054981
569,-5.0,0.804,0.2748549956894582
570,-5.0,0.8160000000000001,0.2794321262509367
571,-5.0,0.8280000000000001,0.2707426344805781
572,-5.0,0.84,0.27974007320118266
573,-5.0,0.852,0.27610449232985856
574,-5.0,0.8640000000000001,0.27661022025433774
575,-5.0,0.8759999999999999,0.27257298255583323
576,-5.0,0.888,0.28093477320985166
577,-5.0,0.9,0.2728364419636019
578,-5.0,0.912,0.2627286506276481
579,-5.0,0.924,0.2735503371046679
580,-5.0,0.9359999999999999,0.27226203799354226
581,-5.0,0.948,0.2762353336455696
582,-5.0,0.96,0.26596067161257486
583,-5.0,0.972,0.2717966989381829
584,-5.0,0.9840000000000001,0.2704591087742719
585,-5.0,0.996,0.2700561006867787
586,-5.0,1.008,0.2658859119215929
587,-5.0,1.02,0.26570528302011853
588,-5.0,1.032,0.2692549734029329
589,-5.0,1.044,0.2753727702940058
590,-5.0,1.056,0.2710491548433075
591,-5.0,1.068,0.2559063907527739
592,-5.0,1.08,0.2723483996587725
593,-5.0,1.092,0.26300714977048334
594,-5.0,1.104,0.2546451616602196
595,-5.0,1.1159999999999999,0.26141114543467336
596,-5.0,1.128,0.2629881739552717
597,-5.0,1.14,0.25588389373608206
598,-5.0,1.152,0.2644474883107949
599,-5.0,1.1640000000000001,0.26496390920369606
600,-5.0,1.176,0.26859659360084964
601,-5.0,1.188,0.26020021032188984
602,-5.0,1.2,0.26116499690068984
603,-5.0,1.212,0.27098008397659057
604,-5.0,1.224,0.26399783760036144
605,-5.0,1.236,0.26271090951838244
606,-5.0,1.248,0.2661717996788639
607,-5.0,1.26,0.2663458046693651
608,-5.0,1.272,0.25401360501341824
609,-5.0,1.284,0.25787014299448247
610,-5.0,1.296,0.2652888184695593
611,-5.0,1.308,0.25240714691112637
612,-5.0,1.32,0.25973256598773686
613,-5.0,1.3319999999999999,0.2508368156714542
614,-5.0,1.344,0.26418787428430257
615,-5.0,1.3559999999999999,0.2489135137217879
616,-5.0,1.368,0.26117075867337075
617,-5.0,1.38,0.26169796946118723
618,-5.0,1.392,0.26489611992131534
619,-5.0,1.404,0.2531850695729145
620,-5.0,1.416,0.2615109303865099
621,-5.0,1.4280000000000002,0.2566477621169372
622,-5.0,1.44,0.24326617235266737
623,-5.0,1.452,0.2534376318757472
624,-5.0,1.464,0.2616269074292435
625,-5.0,1.476,0.24944609752853444
626,-5.0,1.4880000000000002,0.25647972244105366
627,-5.0,1.5,0.24212885690961725
628,-5.0,1.5119999999999998,0.2538205690867897
629,-5.0,1.524,0.2528932112480617
630,-5.0,1.536,0.2492630046127083
631,-5.0,1.548,0.24890560307885842
632,-5.0,1.56,0.24784818106274636
633,-5.0,1.5719999999999998,0.2658486687535737
634,-5.0,1.584,0.25693082559524555
635,-5.0,1.5959999999999999,0.2549010535161212
636,-5.0,1.608,0.25923317575996446
637,-5.0,1.62,0.25292349124747954
638,-5.0,1.632,0.2576434630848877
639,-5.0,1.644,0.25236418314538456
640,-5.0,1.656,0.25178777008357806
641,-5.0,1.6680000000000001,0.2537078697373284
642,-5.0,1.68,0.24849621494914295
643,-5.0,1.692,0.2535280688222323
644,-5.0,1.704,0.24986423699041246
645,-5.0,1.716,0.24805595369526845
646,-5.0,1.7280000000000002,0.25176091648900106
647,-5.0,1.74,0.24630504376103055
648,-5.0,1.7519999999999998,0.24800453548149082
649,-5.0,1.764,0.253009267977946
650,-5.0,1.776,0.2532132080387608
651,-5.0,1.788,0.24252948414444025
652,-5.0,1.8,0.24174798215119972
653,-5.0,1.8119999999999998,0.24237211243589557
654,-5.0,1.824,0.2466464935174925
655,-5.0,1.8359999999999999,0.24399793239012144
656,-5.0,1.848,0.2435826892618864
657,-5.0,1.86,0.24498569533151054
658,-5.0,1.8719999999999999,0.2413950096085956
659,-5.0,1.884,0.24408815093124978
660,-5.0,1.896,0.24055293408357012
661,-5.0,1.908,0.23941051704811242
662,-5.0,1.92,0.23975892588371336
663,-5.0,1.932,0.24125903826430628
664,-5.0,1.944,0.23771464816018953
665,-5.0,1.956,0.2420027546366408
666,-5.0,1.9680000000000002,0.23795450510580304
667,-5.0,1.98,0.2366618956973264
668,-5.0,1.992,0.23586804701134154
669,-5.0,2.004,0.23668429191801363
670,-5.0,2.016,0.2375861269349522
671,-5.0,2.028,0.23753742946647782
672,-5.0,2.04,0.25359652311705083
673,-5.0,2.052,0.2673414874713185
674,-5.0,2.064,0.2866884564749421
675,-5.0,2.076,0.31127219677937756
676,-5.0,2.088,0.3357855674048171
677,-5.0,2.1,0.35275068865192416
678,-5.0,2.112,0.3575978300903124
679,-5.0,2.124,0.3680946949458127
680,-5.0,2.136,0.3711614749356891
681,-5.0,2.148,0.3810835954245145
682,-5.0,2.16,0.38450681699718486
683,-5.0,2.1719999999999997,0.38298465655995945
684,-5.0,2.184,0.3917952619793886
685,-5.0,2.1959999999999997,0.39076925315449207
686,-5.0,2.208,0.404956259127268
687,-5.0,2.22,0.40534797043746645
688,-5.0,2.2319999999999998,0.4038417672028708
689,-5.0,2.244,0.4128581932575332
690,-5.0,2.256,0.3997414382198856
691,-5.0,2.268,0.3968331849358876
692,-5.0,2.28,0.38730015318925987
693,-5.0,2.2920000000000003,0.37162057656453595
694,-5.0,2.3040000000000003,0.3715195815877257
695,-5.0,2.316,0.37118078111046376
696,-5.0,2.3280000000000003,0.3746981115819904
697,-5.0,2.34,0.36136119558613206
698,-5.0,2.352,0.35950578910791575
699,-5.0,2.364,0.3560391488881287
700,-5.0,2.376,0.36405144584565513
701,-5.0,2.388,0.3563010760758978
702,-5.0,2.4,0.35080993043742464
703,-5.0,2.412,0.3514997274148216
704,-5.0,2.424,0.35515511161272495
705,-5.0,2.436,0.34159100547265425
706,-5.0,2.448,0.3425799547524184
707,-5.0,2.46,0.3454812437951668
708,-5.0,2.472,0.3447107734456553
709,-5.0,2.484,0.3401491867181573
710,-5.0,2.496,0.3420542854929611
711,-5.0,2.508,0.33568056377454286
712,-5.0,2.52,0.33822265995510575
713,-5.0,2.532,0.33911198732224485
714,-5.0,2.544,0.3264023846102589
715,-5.0,2.556,0.33246461835153135
716,-5.0,2.568,0.3299306812591999
717,-5.0,2.58,0.3287354731974625
718,-5.0,2.592,0.32873624668208307
719,-5.0,2.6039999999999996,0.33194240270804104
720,-5.0,2.616,0.3335297508106946
721,-5.0,2.628,0.33581408493082915
722,-5.0,2.64,0.33103893634743253
723,-5.0,2.6519999999999997,0.3208924671154138
724,-5.0,2.6639999999999997,0.30871304558847545
725,-5.0,2.676,0.32961040828476745
726,-5.0,2.688,0.3269504194863888
727,-5.0,2.7,0.31030000012795855
728,-5.0,2.7119999999999997,0.3137863656217258
729,-5.0,2.7239999999999998,0.32453403967784705
730,-5.0,2.736,0.3188734892777304
731,-5.0,2.748,0.30996429707442613
732,-5.0,2.76,0.31800201930786864
733,-5.0,2.772,0.3103432732245914
734,-5.0,2.7840000000000003,0.3015502480762689
735,-5.0,2.7960000000000003,0.30686362687563595
736,-5.0,2.8080000000000003,0.3042691431269754
737,-5.0,2.82,0.30962289034901835
738,-5.0,2.832,0.3062227361284923
739,-5.0,2.844,0.29818274906317327
740,-5.0,2.8560000000000003,0.3076281094950183
741,-5.0,2.8680000000000003,0.3048043559373602
742,-5.0,2.88,0.30570950841786004
743,-5.0,2.892,0.3164322182297481
744,-5.0,2.904,0.3004336580704681
745,-5.0,2.9160000000000004,0.30118680538346826
746,-5.0,2.928,0.30184362305095297
747,-5.0,2.94,0.3074959068448546
748,-5.0,2.952,0.3059503472007776
749,-5.0,2.964,0.3011301013082422
750,-5.0,2.9760000000000004,0.300476974072428
751,-5.0,2.988,0.30488518332220993
752,-5.0,3.0,0.30659540107390937
753,-7.0,0.0,0.1275530482654172
754,-7.0,0.012,0.11935415202720719
755,-7.0,0.024,0.1234966799064544
756,-7.0,0.036000000000000004,0.12801375787987915
757,-7.0,0.048,0.12412874993698554
758,-7.0,0.06,0.12243433034958195
759,-7.0,0.07200000000000001,0.1258897282831506
760,-7.0,0.084,0.1258964053423259
761,-7.0,0.096,0.1196973400253595
762,-7.0,0.10800000000000001,0.12414548360321165
763,-7.0,0.12,0.1246273609492507
764,-7.0,0.132,0.12426085323682279
765,-7.0,0.14400000000000002,0.11710359471910381
766,-7.0,0.156,0.21071616114095357
767,-7.0,0.168,0.2627335084218805
768,-7.0,0.18,0.2952196890475668
769,-7.0,0.192,0.30397382919842525
770,-7.0,0.204,0.3180561962297821
771,-7.0,0.21600000000000003,0.33186771543959814
772,-7.0,0.228,0.3409785901676308
773,-7.0,0.24,0.3528074164436427
774,-7.0,0.252,0.3562624474491601
775,-7.0,0.264,0.355047755014292
776,-7.0,0.276,0.35108273467447154
777,-7.0,0.28800000000000003,0.34948592817772267
778,-7.0,0.3,0.3445779319172037
779,-7.0,0.312,0.33499791589317973
780,-7.0,0.324,0.3309066243654475
781,-7.0,0.336,0.3331838339215345
782,-7.0,0.34800000000000003,0.3328103963007204
783,-7.0,0.36,0.3216505035709972
784,-7.0,0.37200000000000005,0.3287263771117252
785,-7.0,0.384,0.3295167617998967
786,-7.0,0.396,0.3294052051679394
787,-7.0,0.408,0.3265207945407961
788,-7.0,0.42,0.3059272430039416
789,-7.0,0.43200000000000005,0.31185873689880794
790,-7.0,0.444,0.3110127490926307
791,-7.0,0.456,0.32355144560941185
792,-7.0,0.46799999999999997,0.31882398714744986
793,-7.0,0.48,0.3035813294503773
794,-7.0,0.49200000000000005,0.30842754918395004
795,-7.0,0.504,0.3015972990849816
796,-7.0,0.516,0.30482241434982704
797,-7.0,0.528,0.3077427692044788
798,-7.0,0.54,0.3132121415463758
799,-7.0,0.552,0.294075997021659
800,-7.0,0.5640000000000001,0.2984439697692406
801,-7.0,0.5760000000000001,0.29924576097300215
802,-7.0,0.588,0.30420552252644045
803,-7.0,0.6,0.29986174544297167
804,-7.0,0.612,0.2861573314814804
805,-7.0,0.624,0.29650741691659643
806,-7.0,0.636,0.28746950848882735
807,-7.0,0.648,0.2955906338828416
808,-7.0,0.66,0.28294555123970133
809,-7.0,0.672,0.2903538992734301
810,-7.0,0.684,0.2873866947387061
811,-7.0,0.6960000000000001,0.2874789703304051
812,-7.0,0.708,0.28052279507341077
813,-7.0,0.72,0.27646981143785476
814,-7.0,0.732,0.2839530856441873
815,-7.0,0.7440000000000001,0.28766815617446573
816,-7.0,0.7559999999999999,0.2900789477695063
817,-7.0,0.768,0.28042726070166457
818,-7.0,0.78,0.27781195905978223
819,-7.0,0.792,0.27363759524725867
820,-7.0,0.804,0.2829509918985282
821,-7.0,0.8160000000000001,0.2767111252663959
822,-7.0,0.8280000000000001,0.2842074973051163
823,-7.0,0.84,0.28191321044051165
824,-7.0,0.852,0.2723252338384277
825,-7.0,0.8640000000000001,0.28036435576417224
826,-7.0,0.8759999999999999,0.27163362149662124
827,-7.0,0.888,0.2752917099426387
828,-7.0,0.9,0.2760236958905325
829,-7.0,0.912,0.2812138080383718
830,-7.0,0.924,0.2844006854110608
831,-7.0,0.9359999999999999,0.2765607225557241
832,-7.0,0.948,0.27199262979717803
833,-7.0,0.96,0.27602722360971327
834,-7.0,0.972,0.265501765417659
835,-7.0,0.9840000000000001,0.2679402387137994
836,-7.0,0.996,0.26078188079767245
837,-7.0,1.008,0.2686985673578636
838,-7.0,1.02,0.27103663773899034
839,-7.0,1.032,0.2763837274692505
840,-7.0,1.044,0.2603311808208212
841,-7.0,1.056,0.26443276424142115
842,-7.0,1.068,0.2568865317614821
843,-7.0,1.08,0.26983018582234686
844,-7.0,1.092,0.2657639477028397
845,-7.0,1.104,0.2618511633573269
846,-7.0,1.1159999999999999,0.2625943301518736
847,-7.0,1.128,0.263574235063213
848,-7.0,1.14,0.2599590872159034
849,-7.0,1.152,0.27101296285071835
850,-7.0,1.1640000000000001,0.25805235364503654
851,-7.0,1.176,0.2680025196175541
852,-7.0,1.188,0.26184029524381947
853,-7.0,1.2,0.26635675838098954
854,-7.0,1.212,0.2617830882505121
855,-7.0,1.224,0.26971348362676933
856,-7.0,1.236,0.2523628671991229
857,-7.0,1.248,0.26355538256510147
858,-7.0,1.26,0.2506685908334114
859,-7.0,1.272,0.2545148717434517
860,-7.0,1.284,0.25879854323335616
861,-7.0,1.296,0.25997487931514596
862,-7.0,1.308,0.2571485486907534
863,-7.0,1.32,0.24963074024152548
864,-7.0,1.3319999999999999,0.25496692527995696
865,-7.0,1.344,0.2587302085358529
866,-7.0,1.3559999999999999,0.25630393567021625
867,-7.0,1.368,0.25511348414271334
868,-7.0,1.38,0.25857122501607105
869,-7.0,1.392,0.25622442649848026
870,-7.0,1.404,0.25516832307503784
871,-7.0,1.416,0.26136169207389975
872,-7.0,1.4280000000000002,0.2586831742372114
873,-7.0,1.44,0.25179929227968545
874,-7.0,1.452,0.25448717427685313
875,-7.0,1.464,0.2569140582551779
876,-7.0,1.476,0.2519404645207139
877,-7.0,1.4880000000000002,0.24600381557423176
878,-7.0,1.5,0.2500847437324083
879,-7.0,1.5119999999999998,0.25314809068944055
880,-7.0,1.524,0.26368566385012776
881,-7.0,1.536,0.2525906796484376
882,-7.0,1.548,0.24951650937381362
883,-7.0,1.56,0.2603252592529093
884,-7.0,1.5719999999999998,0.25981609931647576
885,-7.0,1.584,0.25693299899861616
886,-7.0,1.5959999999999999,0.24610891757355532
887,-7.0,1.608,0.2552559111667221
888,-7.0,1.62,0.2541677835435998
889,-7.0,1.632,0.2611272712500742
890,-7.0,1.644,0.25365960547590577
891,-7.0,1.656,0.25783553839060647
892,-7.0,1.6680000000000001,0.24530239781751925
893,-7.0,1.68,0.2548887956313073
894,-7.0,1.692,0.2579888112287181
895,-7.0,1.704,0.25178186523248786
896,-7.0,1.716,0.2517404790358849
897,-7.0,1.7280000000000002,0.247110576934933
898,-7.0,1.74,0.25830763609918345
899,-7.0,1.7519999999999998,0.24988257165735864
900,-7.0,1.764,0.2515875541833019
901,-7.0,1.776,0.24949766719685357
902,-7.0,1.788,0.25455548127969124
903,-7.0,1.8,0.23892678354244765
904,-7.0,1.8119999999999998,0.25255271881113006
905,-7.0,1.824,0.24629823022220038
906,-7.0,1.8359999999999999,0.24123593307944682
907,-7.0,1.848,0.25263543430868973
908,-7.0,1.86,0.2487396273431447
909,-7.0,1.8719999999999999,0.24556853976548237
910,-7.0,1.884,0.24513285383361283
911,-7.0,1.896,0.24978969700257958
912,-7.0,1.908,0.24281267642907717
913,-7.0,1.92,0.25142023449405587
914,-7.0,1.932,0.24320218023173873
915,-7.0,1.944,0.24318730786890835
916,-7.0,1.956,0.2477679554653142
917,-7.0,1.9680000000000002,0.24404337863634587
918,-7.0,1.98,0.2506738489057086
919,-7.0,1.992,0.23828818496019008
920,-7.0,2.004,0.2413663163301604
921,-7.0,2.016,0.23447332129862314
922,-7.0,2.028,0.2380294348220247
923,-7.0,2.04,0.2513708890370653
924,-7.0,2.052,0.24685908835510642
925,-7.0,2.064,0.24439799014210234
926,-7.0,2.076,0.2608696967189151
927,-7.0,2.088,0.2807695941146321
928,-7.0,2.1,0.303342701126358
929,-7.0,2.112,0.3207302811603567
930,-7.0,2.124,0.33973727611478316
931,-7.0,2.136,0.3545445594605298
932,-7.0,2.148,0.3558380128953259
933,-7.0,2.16,0.3667828128940479
934,-7.0,2.1719999999999997,0.3755092834348162
935,-7.0,2.184,0.37710024992926755
936,-7.0,2.1959999999999997,0.38094851422966497
937,-7.0,2.208,0.3881890793545211
938,-7.0,2.22,0.3874943161039456
939,-7.0,2.2319999999999998,0.4023098501086849
940,-7.0,2.244,0.39608941682266957
941,-7.0,2.256,0.39709563298032874
942,-7.0,2.268,0.3975812773930793
943,-7.0,2.28,0.38228831183186457
944,-7.0,2.2920000000000003,0.38178836354914714
945,-7.0,2.3040000000000003,0.37996120697226965
946,-7.0,2.316,0.3652571794881921
947,-7.0,2.3280000000000003,0.3705418382231122
948,-7.0,2.34,0.36846314053618817
949,-7.0,2.352,0.36231589214205395
950,-7.0,2.364,0.365466541360545
951,-7.0,2.376,0.36529228498604754
952,-7.0,2.388,0.35808186823173344
953,-7.0,2.4,0.35577984774574223
954,-7.0,2.412,0.35614810719367784
955,-7.0,2.424,0.35992154233951756
956,-7.0,2.436,0.3425784239204724
957,-7.0,2.448,0.3555471322066653
958,-7.0,2.46,0.3480214099229322
959,-7.0,2.472,0.3487625395211356
960,-7.0,2.484,0.3462318819992055
961,-7.0,2.496,0.3442842495408346
962,-7.0,2.508,0.3445258413255172
963,-7.0,2.52,0.34333729066772495
964,-7.0,2.532,0.3373947168860502
965,-7.0,2.544,0.3449322637362927
966,-7.0,2.556,0.3430984585874873
967,-7.0,2.568,0.3306069329653209
968,-7.0,2.58,0.33356624000925783
969,-7.0,2.592,0.33413800066170485
970,-7.0,2.6039999999999996,0.33516204191161186
971,-7.0,2.616,0.3186165592328261
972,-7.0,2.628,0.32849333423850663
973,-7.0,2.64,0.3196451866588
974,-7.0,2.6519999999999997,0.3241007898989633
975,-7.0,2.6639999999999997,0.3299560037117315
976,-7.0,2.676,0.32269993244421724
977,-7.0,2.688,0.31982493588601973
978,-7.0,2.7,0.32262959152353793
979,-7.0,2.7119999999999997,0.32387938583652126
980,-7.0,2.7239999999999998,0.31695368788252704
981,-7.0,2.736,0.3253241776335697
982,-7.0,2.748,0.32077598557992126
983,-7.0,2.76,0.31041516699591754
984,-7.0,2.772,0.3079918215801414
985,-7.0,2.7840000000000003,0.31175622257092933
986,-7.0,2.7960000000000003,0.3129868257425596
987,-7.0,2.8080000000000003,0.3110677117304341
988,-7.0,2.82,0.3021992212042385
989,-7.0,2.832,0.3219152875384059
990,-7.0,2.844,0.3090124540069654
991,-7.0,2.8560000000000003,0.3079408518687034
992,-7.0,2.8680000000000003,0.30453669850178866
993,-7.0,2.88,0.3199518801477653
994,-7.0,2.892,0.3086930099922521
995,-7.0,2.904,0.3146152657882054
996,-7.0,2.9160000000000004,0.30233698999988745
997,-7.0,2.928,0.3047596762479948
998,-7.0,2.94,0.30998151150484216
999,-7.0,2.952,0.30070513626055045
1000,-7.0,2.964,0.30554864806446713
1001,-7.0,2.9760000000000004,0.3072175686687891
1002,-7.0,2.988,0.30663965801226845
1003,-7.0,3.0,0.3097486906163342
1004,-9.0,0.0,0.13235650401520827
1005,-9.0,0.012,0.12751176170347148
1006,-9.0,0.024,0.13315613585030542
1007,-9.0,0.036000000000000004,0.12699229509369134
1008,-9.0,0.048,0.12477814750966906
1009,-9.0,0.06,0.1187817266030943
1010,-9.0,0.07200000000000001,0.1185740440794853
1011,-9.0,0.084,0.12346311944091277
1012,-9.0,0.096,0.12942730433249336
1013,-9.0,0.10800000000000001,0.1212454875728402
1014,-9.0,0.12,0.1272782183982812
1015,-9.0,0.132,0.13273785538545593
1016,-9.0,0.14400000000000002,0.12973609337149927
1017,-9.0,0.156,0.1189315385328304
1018,-9.0,0.168,0.12822065708731137
1019,-9.0,0.18,0.12148218291550382
1020,-9.0,0.192,0.12203209739743878
1021,-9.0,0.204,0.17589332650533676
1022,-9.0,0.21600000000000003,0.23963242817066277
1023,-9.0,0.228,0.26720956462036266
1024,-9.0,0.24,0.292765691556111
1025,-9.0,0.252,0.31912807925661135
1026,-9.0,0.264,0.324737162769975
1027,-9.0,0.276,0.3304050792738067
1028,-9.0,0.28800000000000003,0.3140764802354386
1029,-9.0,0.3,0.31177461540926027
1030,-9.0,0.312,0.31405582439259216
1031,-9.0,0.324,0.3232396142424802
1032,-9.0,0.336,0.3125655312663304
1033,-9.0,0.34800000000000003,0.3250997324509411
1034,-9.0,0.36,0.3075376555021971
1035,-9.0,0.37200000000000005,0.31728358296086234
1036,-9.0,0.384,0.31634488406957967
1037,-9.0,0.396,0.30918223667479966
1038,-9.0,0.408,0.2970778641780881
1039,-9.0,0.42,0.30339028759631426
1040,-9.0,0.43200000000000005,0.2992160924893225
1041,-9.0,0.444,0.3001735854223438
1042,-9.0,0.456,0.2982222548014582
1043,-9.0,0.46799999999999997,0.293718928585215
1044,-9.0,0.48,0.29376854784338013
1045,-9.0,0.49200000000000005,0.29361353790860034
1046,-9.0,0.504,0.29125071723733387
1047,-9.0,0.516,0.29918753269515613
1048,-9.0,0.528,0.29391527090762243
1049,-9.0,0.54,0.2984590029606958
1050,-9.0,0.552,0.30010117489733423
1051,-9.0,0.5640000000000001,0.29115894178560414
1052,-9.0,0.5760000000000001,0.29090666147850935
1053,-9.0,0.588,0.2844538659457229
1054,-9.0,0.6,0.2828622170925583
1055,-9.0,0.612,0.285898481876042
1056,-9.0,0.624,0.28538829726495923
1057,-9.0,0.636,0.2817416845192809
1058,-9.0,0.648,0.28669504404025714
1059,-9.0,0.66,0.28846440180575705
1060,-9.0,0.672,0.2841070069145893
1061,-9.0,0.684,0.2879784118783693
1062,-9.0,0.6960000000000001,0.2814857166228045
1063,-9.0,0.708,0.2765231430245851
1064,-9.0,0.72,0.2838758927170723
1065,-9.0,0.732,0.28356788586460047
1066,-9.0,0.7440000000000001,0.2769288066346289
1067,-9.0,0.7559999999999999,0.2659572832446049
1068,-9.0,0.768,0.2756925563386549
1069,-9.0,0.78,0.2738668610224288
1070,-9.0,0.792,0.2754600090237436
1071,-9.0,0.804,0.27255118687986535
1072,-9.0,0.8160000000000001,0.2800070019890231
1073,-9.0,0.8280000000000001,0.28288449733706783
1074,-9.0,0.84,0.2623463092588004
1075,-9.0,0.852,0.2752185457069174
1076,-9.0,0.8640000000000001,0.2744559943606579
1077,-9.0,0.8759999999999999,0.27182234121264287
1078,-9.0,0.888,0.2703934523850277
1079,-9.0,0.9,0.2782694264939204
1080,-9.0,0.912,0.26929334082955425
1081,-9.0,0.924,0.2622339770894137
1082,-9.0,0.9359999999999999,0.2651978291165287
1083,-9.0,0.948,0.2685344938166477
1084,-9.0,0.96,0.27854084949451674
1085,-9.0,0.972,0.2633001345994816
1086,-9.0,0.9840000000000001,0.26523023559246744
1087,-9.0,0.996,0.27266692322343333
1088,-9.0,1.008,0.26593907714224124
1089,-9.0,1.02,0.2579459806113884
1090,-9.0,1.032,0.26608814772391826
1091,-9.0,1.044,0.266640931484288
1092,-9.0,1.056,0.2711447012079452
1093,-9.0,1.068,0.261975005720639
1094,-9.0,1.08,0.2659103202990954
1095,-9.0,1.092,0.26524313485615864
1096,-9.0,1.104,0.25129915036441264
1097,-9.0,1.1159999999999999,0.2615849330136968
1098,-9.0,1.128,0.26285887375548195
1099,-9.0,1.14,0.24539700882999635
1100,-9.0,1.152,0.26491330240299676
1101,-9.0,1.1640000000000001,0.2591987028657145
1102,-9.0,1.176,0.25841148263794034
1103,-9.0,1.188,0.2596740671804705
1104,-9.0,1.2,0.2541261998738145
1105,-9.0,1.212,0.2566033192378824
1106,-9.0,1.224,0.25881904268906464
1107,-9.0,1.236,0.25691877786928774
1108,-9.0,1.248,0.26950790634474087
1109,-9.0,1.26,0.24867055007252858
1110,-9.0,1.272,0.2633134274564043
1111,-9.0,1.284,0.24996928236109572
1112,-9.0,1.296,0.2640528793537313
1113,-9.0,1.308,0.2608280490153162
1114,-9.0,1.32,0.25674940054507867
1115,-9.0,1.3319999999999999,0.25784848094018437
1116,-9.0,1.344,0.2547238505313977
1117,-9.0,1.3559999999999999,0.25457501613887906
1118,-9.0,1.368,0.26112304792963587
1119,-9.0,1.38,0.2532591515417865
1120,-9.0,1.392,0.25725680336247436
1121,-9.0,1.404,0.25453669566812853
1122,-9.0,1.416,0.2635781326959318
1123,-9.0,1.4280000000000002,0.25148389167298857
1124,-9.0,1.44,0.25264712890031044
1125,-9.0,1.452,0.2551739559429751
1126,-9.0,1.464,0.25118212142421503
1127,-9.0,1.476,0.2556965787687623
1128,-9.0,1.4880000000000002,0.25556724512448126
1129,-9.0,1.5,0.2499045091115449
1130,-9.0,1.5119999999999998,0.24731074392008978
1131,-9.0,1.524,0.25767961449552135
1132,-9.0,1.536,0.2465810811825472
1133,-9.0,1.548,0.24915030937063096
1134,-9.0,1.56,0.24619259010172506
1135,-9.0,1.5719999999999998,0.2558867083167989
1136,-9.0,1.584,0.2541566474844623
1137,-9.0,1.5959999999999999,0.25610007223021064
1138,-9.0,1.608,0.24870852659196635
1139,-9.0,1.62,0.25007988981653956
1140,-9.0,1.632,0.2522448320789638
1141,-9.0,1.644,0.2570332302393761
1142,-9.0,1.656,0.24573651068537442
1143,-9.0,1.6680000000000001,0.24262417214263002
1144,-9.0,1.68,0.24117233222607565
1145,-9.0,1.692,0.24386953237995707
1146,-9.0,1.704,0.24902016602181304
1147,-9.0,1.716,0.24755789616909302
1148,-9.0,1.7280000000000002,0.2539707919004147
1149,-9.0,1.74,0.2509367857071753
1150,-9.0,1.7519999999999998,0.24333426823400284
1151,-9.0,1.764,0.24575765583217557
1152,-9.0,1.776,0.24281103712976887
1153,-9.0,1.788,0.242100591202225
1154,-9.0,1.8,0.250329776666993
1155,-9.0,1.8119999999999998,0.247858448987889
1156,-9.0,1.824,0.2346820638894075
1157,-9.0,1.8359999999999999,0.24575112619428124
1158,-9.0,1.848,0.25206091924810814
1159,-9.0,1.86,0.24192317167884128
1160,-9.0,1.8719999999999999,0.24134812437839984
1161,-9.0,1.884,0.2467014247769214
1162,-9.0,1.896,0.24599133146526422
1163,-9.0,1.908,0.24208499973743408
1164,-9.0,1.92,0.2504952463287029
1165,-9.0,1.932,0.24410060866915637
1166,-9.0,1.944,0.2417238975190108
1167,-9.0,1.956,0.23775226337363048
1168,-9.0,1.9680000000000002,0.24169110535610355
1169,-9.0,1.98,0.2408676044611525
1170,-9.0,1.992,0.23541992204649448
1171,-9.0,2.004,0.23981357673798584
1172,-9.0,2.016,0.25072495803544
1173,-9.0,2.028,0.2362213216795867
1174,-9.0,2.04,0.24388619301570413
1175,-9.0,2.052,0.2363889911957558
1176,-9.0,2.064,0.233325923689355
1177,-9.0,2.076,0.2391481690012052
1178,-9.0,2.088,0.24313915016533047
1179,-9.0,2.1,0.25670001363307887
1180,-9.0,2.112,0.27245245679986924
1181,-9.0,2.124,0.29648390348244225
1182,-9.0,2.136,0.31167268045744995
1183,-9.0,2.148,0.3235920456034472
1184,-9.0,2.16,0.33391129697499367
1185,-9.0,2.1719999999999997,0.3525578443921649
1186,-9.0,2.184,0.3627024844772775
1187,-9.0,2.1959999999999997,0.3623657291416343
1188,-9.0,2.208,0.37038648514232475
1189,-9.0,2.22,0.37612135542060465
1190,-9.0,2.2319999999999998,0.3709537244248496
1191,-9.0,2.244,0.38444493498736676
1192,-9.0,2.256,0.3918389066788339
1193,-9.0,2.268,0.38074978420139916
1194,-9.0,2.28,0.37893928116861353
1195,-9.0,2.2920000000000003,0.38072346780522787
1196,-9.0,2.3040000000000003,0.38178960062817147
1197,-9.0,2.316,0.3695400838873361
1198,-9.0,2.3280000000000003,0.3745840094470724
1199,-9.0,2.34,0.3620538354963865
1200,-9.0,2.352,0.35907523713785544
1201,-9.0,2.364,0.360516896465493
1202,-9.0,2.376,0.36596249877792003
1203,-9.0,2.388,0.3614377362649836
1204,-9.0,2.4,0.3533530342954632
1205,-9.0,2.412,0.3538597398285042
1206,-9.0,2.424,0.3480817465595005
1207,-9.0,2.436,0.3479991415073847
1208,-9.0,2.448,0.3546996972415777
1209,-9.0,2.46,0.33817171763478565
1210,-9.0,2.472,0.34722439791362864
1211,-9.0,2.484,0.34576034641579206
1212,-9.0,2.496,0.34176855930680766
1213,-9.0,2.508,0.34206300800208633
1214,-9.0,2.52,0.3415554649874584
1215,-9.0,2.532,0.3468243291494798
1216,-9.0,2.544,0.3346478679280454
1217,-9.0,2.556,0.3349565930013558
1218,-9.0,2.568,0.33033415026498864
1219,-9.0,2.58,0.3378311985381045
1220,-9.0,2.592,0.3358779309971987
1221,-9.0,2.6039999999999996,0.325612365252012
1222,-9.0,2.616,0.3314257025999277
1223,-9.0,2.628,0.33365752367515417
1224,-9.0,2.64,0.3279015024189479
1225,-9.0,2.6519999999999997,0.3273180629502077
1226,-9.0,2.6639999999999997,0.31943041294265223
1227,-9.0,2.676,0.31712408368057327
1228,-9.0,2.688,0.3263639014595378
1229,-9.0,2.7,0.3235429867124696
1230,-9.0,2.7119999999999997,0.330588992840772
1231,-9.0,2.7239999999999998,0.32148615535898867
1232,-9.0,2.736,0.3199390514740113
1233,-9.0,2.748,0.3182076509284941
1234,-9.0,2.76,0.31291753159887103
1235,-9.0,2.772,0.3138407507389342
1236,-9.0,2.7840000000000003,0.3132034204089553
1237,-9.0,2.7960000000000003,0.3122063226871629
1238,-9.0,2.8080000000000003,0.31818398480235144
1239,-9.0,2.82,0.32201747201298137
1240,-9.0,2.832,0.31337410525781073
1241,-9.0,2.844,0.3136470541826017
1242,-9.0,2.8560000000000003,0.31061879771378076
1243,-9.0,2.8680000000000003,0.3144948266102868
1244,-9.0,2.88,0.3136784446927745
1245,-9.0,2.892,0.31431854160045336
1246,-9.0,2.904,0.31098603531786423
1247,-9.0,2.9160000000000004,0.3146183852568834
1248,-9.0,2.928,0.3094496987206735
1249,-9.0,2.94,0.30851993425269975
1250,-9.0,2.952,0.3055925977956414
1251,-9.0,2.964,0.31044261023009134
1252,-9.0,2.9760000000000004,0.2973474440824543
1253,-9.0,2.988,0.30198639240587566
1254,-9.0,3.0,0.2952577829433932
1255,-11.0,0.0,0.12396572347501099
1256,-11.0,0.012,0.12534668620658587
1257,-11.0,0.024,0.13235031107616485
1258,-11.0,0.036000000000000004,0.11715759114906593
1259,-11.0,0.048,0.12321578350231539
1260,-11.0,0.06,0.1293175966312936
1261,-11.0,0.07200000000000001,0.11523861229142605
1262,-11.0,0.084,0.12854923186211759
1263,-11.0,0.096,0.12311325793485331
1264,-11.0,0.10800000000000001,0.11968947543095683
1265,-11.0,0.12,0.12293292343137592
1266,-11.0,0.132,0.12368023361559496
1267,-11.0,0.14400000000000002,0.13387808300823884
1268,-11.0,0.156,0.12513049903341025
1269,-11.0,0.168,0.13465437663880606
1270,-11.0,0.18,0.1262591480743154
1271,-11.0,0.192,0.12820252665851406
1272,-11.0,0.204,0.12413343862718353
1273,-11.0,0.21600000000000003,0.1256209735820374
1274,-11.0,0.228,0.1339309696573942
1275,-11.0,0.24,0.12804342355389647
1276,-11.0,0.252,0.13363425695201997
1277,-11.0,0.264,0.20888408020518026
1278,-11.0,0.276,0.24232702601886696
1279,-11.0,0.28800000000000003,0.2626882270305988
1280,-11.0,0.3,0.26398635142848365
1281,-11.0,0.312,0.27632803342875195
1282,-11.0,0.324,0.27987767340526587
1283,-11.0,0.336,0.28335576403376617
1284,-11.0,0.34800000000000003,0.28645934634841536
1285,-11.0,0.36,0.2815640523771913
1286,-11.0,0.37200000000000005,0.2823819434126931
1287,-11.0,0.384,0.28618668639054234
1288,-11.0,0.396,0.28534059080535856
1289,-11.0,0.408,0.27788033989084493
1290,-11.0,0.42,0.2803897045318053
1291,-11.0,0.43200000000000005,0.27888305294714305
1292,-11.0,0.444,0.27887273980685867
1293,-11.0,0.456,0.289277294746424
1294,-11.0,0.46799999999999997,0.2815348389115646
1295,-11.0,0.48,0.275557438990507
1296,-11.0,0.49200000000000005,0.2789391297899883
1297,-11.0,0.504,0.28372013452060735
1298,-11.0,0.516,0.279933373297263
1299,-11.0,0.528,0.2783802050666185
1300,-11.0,0.54,0.27679383715291417
1301,-11.0,0.552,0.2785465739835987
1302,-11.0,0.5640000000000001,0.2729273043975615
1303,-11.0,0.5760000000000001,0.28750953773931753
1304,-11.0,0.588,0.2838388288697529
1305,-11.0,0.6,0.2798625183688744
1306,-11.0,0.612,0.27653665910685155
1307,-11.0,0.624,0.26833682429335803
1308,-11.0,0.636,0.2677008001870657
1309,-11.0,0.648,0.2787855628242403
1310,-11.0,0.66,0.27149831588624684
1311,-11.0,0.672,0.270939004057347
1312,-11.0,0.684,0.2740955185049405
1313,-11.0,0.6960000000000001,0.2749831278650369
1314,-11.0,0.708,0.2810375863847823
1315,-11.0,0.72,0.2694918468451106
1316,-11.0,0.732,0.26404018991322725
1317,-11.0,0.7440000000000001,0.2704469098629907
1318,-11.0,0.7559999999999999,0.27328997520172593
1319,-11.0,0.768,0.2726840751946215
1320,-11.0,0.78,0.26666929520152716
1321,-11.0,0.792,0.2705873410477897
1322,-11.0,0.804,0.2747139491323377
1323,-11.0,0.8160000000000001,0.27091954138326074
1324,-11.0,0.8280000000000001,0.26871372700064633
1325,-11.0,0.84,0.259874733022462
1326,-11.0,0.852,0.270278286618352
1327,-11.0,0.8640000000000001,0.27153600403042455
1328,-11.0,0.8759999999999999,0.2571436839095957
1329,-11.0,0.888,0.25910203030488044
1330,-11.0,0.9,0.25807607214387335
1331,-11.0,0.912,0.2627825063384997
1332,-11.0,0.924,0.2549334925074543
1333,-11.0,0.9359999999999999,0.26913119021262233
1334,-11.0,0.948,0.25944347751457847
1335,-11.0,0.96,0.26424530994622764
1336,-11.0,0.972,0.26118139006396224
1337,-11.0,0.9840000000000001,0.2579097265772519
1338,-11.0,0.996,0.263227978001876
1339,-11.0,1.008,0.255257500389777
1340,-11.0,1.02,0.2552740244095655
1341,-11.0,1.032,0.2610626946866715
1342,-11.0,1.044,0.25075585037167913
1343,-11.0,1.056,0.2737259376078631
1344,-11.0,1.068,0.2587820299229356
1345,-11.0,1.08,0.2545464476526982
1346,-11.0,1.092,0.25619910759049125
1347,-11.0,1.104,0.262892560261694
1348,-11.0,1.1159999999999999,0.254723214609825
1349,-11.0,1.128,0.25400396768671024
1350,-11.0,1.14,0.2611204450945416
1351,-11.0,1.152,0.25052313954687055
1352,-11.0,1.1640000000000001,0.2560664091314336
1353,-11.0,1.176,0.2595000037723142
1354,-11.0,1.188,0.24597579550650944
1355,-11.0,1.2,0.2564394890337756
1356,-11.0,1.212,0.2495628216249159
1357,-11.0,1.224,0.24924423535454782
1358,-11.0,1.236,0.250928696962689
1359,-11.0,1.248,0.2559116183528557
1360,-11.0,1.26,0.2545126386316997
1361,-11.0,1.272,0.26235933769351094
1362,-11.0,1.284,0.2542841138988828
1363,-11.0,1.296,0.25470869241640937
1364,-11.0,1.308,0.24700428935671753
1365,-11.0,1.32,0.24740982444146478
1366,-11.0,1.3319999999999999,0.24931205767252715
1367,-11.0,1.344,0.24635251640228217
1368,-11.0,1.3559999999999999,0.256666153805418
1369,-11.0,1.368,0.2534363667854966
1370,-11.0,1.38,0.25102983222631686
1371,-11.0,1.392,0.2531429945808165
1372,-11.0,1.404,0.24407568876683539
1373,-11.0,1.416,0.253243967778383
1374,-11.0,1.4280000000000002,0.2394674268989237
1375,-11.0,1.44,0.2455612405262
1376,-11.0,1.452,0.2515913212419065
1377,-11.0,1.464,0.250229700031478
1378,-11.0,1.476,0.24313176333568196
1379,-11.0,1.4880000000000002,0.24633486111491285
1380,-11.0,1.5,0.23769859020911616
1381,-11.0,1.5119999999999998,0.23977372982929285
1382,-11.0,1.524,0.2495890286825586
1383,-11.0,1.536,0.2438431860192582
1384,-11.0,1.548,0.2503325465772378
1385,-11.0,1.56,0.24684435111397415
1386,-11.0,1.5719999999999998,0.24812053192075054
1387,-11.0,1.584,0.24125594027654884
1388,-11.0,1.5959999999999999,0.24012618244431003
1389,-11.0,1.608,0.2523114138273546
1390,-11.0,1.62,0.25093664482743583
1391,-11.0,1.632,0.24328599291114067
1392,-11.0,1.644,0.24721420561944885
1393,-11.0,1.656,0.24806425721699352
1394,-11.0,1.6680000000000001,0.2554936170035088
1395,-11.0,1.68,0.23486673249048193
1396,-11.0,1.692,0.24388736718522153
1397,-11.0,1.704,0.24216226875112393
1398,-11.0,1.716,0.24315296615537635
1399,-11.0,1.7280000000000002,0.24468583373580097
1400,-11.0,1.74,0.2454434471601304
1401,-11.0,1.7519999999999998,0.25174448833885954
1402,-11.0,1.764,0.24944626148511914
1403,-11.0,1.776,0.24169733388716796
1404,-11.0,1.788,0.24601576366974331
1405,-11.0,1.8,0.23781142704059755
1406,-11.0,1.8119999999999998,0.24407947355878423
1407,-11.0,1.824,0.23975106238397306
1408,-11.0,1.8359999999999999,0.23947525700819366
1409,-11.0,1.848,0.23604500648842036
1410,-11.0,1.86,0.2339866021668135
1411,-11.0,1.8719999999999999,0.24077636574075287
1412,-11.0,1.884,0.23386176713339507
1413,-11.0,1.896,0.2404972385512471
1414,-11.0,1.908,0.2438797581006875
1415,-11.0,1.92,0.24497462909002338
1416,-11.0,1.932,0.23922524999718137
1417,-11.0,1.944,0.24361443351254589
1418,-11.0,1.956,0.23743805290172354
1419,-11.0,1.9680000000000002,0.24097486065029505
1420,-11.0,1.98,0.2379156216576996
1421,-11.0,1.992,0.2353825591617143
1422,-11.0,2.004,0.23936337265579463
1423,-11.0,2.016,0.2426923157574991
1424,-11.0,2.028,0.23339535449974308
1425,-11.0,2.04,0.23943681841783523
1426,-11.0,2.052,0.23467399218734705
1427,-11.0,2.064,0.2332478673113683
1428,-11.0,2.076,0.23742961500945534
1429,-11.0,2.088,0.2346939842811468
1430,-11.0,2.1,0.23516131068692803
1431,-11.0,2.112,0.2444183953735237
1432,-11.0,2.124,0.25011685740150075
1433,-11.0,2.136,0.25999559500254077
1434,-11.0,2.148,0.27243080538912723
1435,-11.0,2.16,0.28933109753602826
1436,-11.0,2.1719999999999997,0.30316266653301593
1437,-11.0,2.184,0.32396677838608356
1438,-11.0,2.1959999999999997,0.33700226949294176
1439,-11.0,2.208,0.344154220043475
1440,-11.0,2.22,0.36453941749507274
1441,-11.0,2.2319999999999998,0.3634899104641845
1442,-11.0,2.244,0.36978074733137484
1443,-11.0,2.256,0.38237472674163425
1444,-11.0,2.268,0.37992930328026586
1445,-11.0,2.28,0.37734992291795894
1446,-11.0,2.2920000000000003,0.37314488020371384
1447,-11.0,2.3040000000000003,0.36419948842681427
1448,-11.0,2.316,0.3709501709054606
1449,-11.0,2.3280000000000003,0.3609373278178704
1450,-11.0,2.34,0.35441514098705307
1451,-11.0,2.352,0.35997309854206844
1452,-11.0,2.364,0.3517055127911579
1453,-11.0,2.376,0.3601798489509249
1454,-11.0,2.388,0.36422804626560235
1455,-11.0,2.4,0.35782663172069573
1456,-11.0,2.412,0.34888581946281344
1457,-11.0,2.424,0.3442506038069166
1458,-11.0,2.436,0.34669851078446173
1459,-11.0,2.448,0.34408766212167724
1460,-11.0,2.46,0.3597200665292267
1461,-11.0,2.472,0.33289174942453414
1462,-11.0,2.484,0.338673637983103
1463,-11.0,2.496,0.35235501354910037
1464,-11.0,2.508,0.33171668687501615
1465,-11.0,2.52,0.33918630167396335
1466,-11.0,2.532,0.3371846755151198
1467,-11.0,2.544,0.34062039197358324
1468,-11.0,2.556,0.33277320836606245
1469,-11.0,2.568,0.33240985670313
1470,-11.0,2.58,0.3361081363102499
1471,-11.0,2.592,0.3298374418642395
1472,-11.0,2.6039999999999996,0.33324629136660544
1473,-11.0,2.616,0.3279074433777846
1474,-11.0,2.628,0.33461546591907404
1475,-11.0,2.64,0.32654227452258383
1476,-11.0,2.6519999999999997,0.32660235285930106
1477,-11.0,2.6639999999999997,0.3305345520499505
1478,-11.0,2.676,0.3221872208785391
1479,-11.0,2.688,0.3248448324560848
1480,-11.0,2.7,0.32449833522914395
1481,-11.0,2.7119999999999997,0.33051194915334997
1482,-11.0,2.7239999999999998,0.3245040423592936
1483,-11.0,2.736,0.3097097461302804
1484,-11.0,2.748,0.31434136643853355
1485,-11.0,2.76,0.3210154353755744
1486,-11.0,2.772,0.3103919046990216
1487,-11.0,2.7840000000000003,0.3189696164422976
1488,-11.0,2.7960000000000003,0.31762138134385964
1489,-11.0,2.8080000000000003,0.32237313014863306
1490,-11.0,2.82,0.3121229533931351
1491,-11.0,2.832,0.3131989417225866
1492,-11.0,2.844,0.31447453407621845
1493,-11.0,2.8560000000000003,0.3170394517464975
1494,-11.0,2.8680000000000003,0.3150859730825435
1495,-11.0,2.88,0.30816133954631963
1496,-11.0,2.892,0.31468873769681854
1497,-11.0,2.904,0.30225179317041845
1498,-11.0,2.9160000000000004,0.30757360275633666
1499,-11.0,2.928,0.31915192284543414
1500,-11.0,2.94,0.3007501825306205
1501,-11.0,2.952,0.3191507693819415
1502,-11.0,2.964,0.3009840159278254
1503,-11.0,2.9760000000000004,0.2992981778362307
1504,-11.0,2.988,0.30274932475074995
1505,-11.0,3.0,0.3068799278447939
1506,-13.0,0.0,0.12713753197007216
1507,-13.0,0.012,0.12945637287638903
1508,-13.0,0.024,0.12339393442769715
1509,-13.0,0.036000000000000004,0.12923739900141726
1510,-13.0,0.048,0.12647187613260769
1511,-13.0,0.06,0.12242593997861803
1512,-13.0,0.07200000000000001,0.12564340682383873
1513,-13.0,0.084,0.13361153543337467
1514,-13.0,0.096,0.12654606810179483
1515,-13.0,0.10800000000000001,0.1292733259999152
1516,-13.0,0.12,0.12740183069545397
1517,-13.0,0.132,0.12656069408067316
1518,-13.0,0.14400000000000002,0.13079797928167708
1519,-13.0,0.156,0.12161094444193371
1520,-13.0,0.168,0.12909811704991236
1521,-13.0,0.18,0.12705870612376868
1522,-13.0,0.192,0.12343043144273198
1523,-13.0,0.204,0.12625523382530868
1524,-13.0,0.21600000000000003,0.1249856268338934
1525,-13.0,0.228,0.12605309047810503
1526,-13.0,0.24,0.12642511149093802
1527,-13.0,0.252,0.12086752182049046
1528,-13.0,0.264,0.12809985955513933
1529,-13.0,0.276,0.12046608899265866
1530,-13.0,0.28800000000000003,0.12389248382753625
1531,-13.0,0.3,0.12774935563589038
1532,-13.0,0.312,0.11996942573568606
1533,-13.0,0.324,0.1466043736081068
1534,-13.0,0.336,0.18493210156994302
1535,-13.0,0.34800000000000003,0.19937540834556086
1536,-13.0,0.36,0.21806682968239363
1537,-13.0,0.37200000000000005,0.23465380302892683
1538,-13.0,0.384,0.22448942428020882
1539,-13.0,0.396,0.2284758813205496
1540,-13.0,0.408,0.24326983312681769
1541,-13.0,0.42,0.24482618468656364
1542,-13.0,0.43200000000000005,0.2438397855922587
1543,-13.0,0.444,0.2523083621945279
1544,-13.0,0.456,0.24635175467715595
1545,-13.0,0.46799999999999997,0.2558830141775415
1546,-13.0,0.48,0.25189873774338917
1547,-13.0,0.49200000000000005,0.2500857193452026
1548,-13.0,0.504,0.247702197931417
1549,-13.0,0.516,0.2554591335285126
1550,-13.0,0.528,0.24738519795746525
1551,-13.0,0.54,0.2589737271476272
1552,-13.0,0.552,0.2538180766525243
1553,-13.0,0.5640000000000001,0.2630846931471409
1554,-13.0,0.5760000000000001,0.267387792485105
1555,-13.0,0.588,0.25455174884432674
1556,-13.0,0.6,0.2509175842060825
1557,-13.0,0.612,0.25254266076773985
1558,-13.0,0.624,0.2516527574979787
1559,-13.0,0.636,0.25619525707945634
1560,-13.0,0.648,0.2570997586985941
1561,-13.0,0.66,0.25460448966920757
1562,-13.0,0.672,0.26281196829675657
1563,-13.0,0.684,0.2551238121751881
1564,-13.0,0.6960000000000001,0.2595755232221318
1565,-13.0,0.708,0.252957338601333
1566,-13.0,0.72,0.25751565731052306
1567,-13.0,0.732,0.25435936781711505
1568,-13.0,0.7440000000000001,0.26207805862795197
1569,-13.0,0.7559999999999999,0.2629609695585403
1570,-13.0,0.768,0.2515462516090183
1571,-13.0,0.78,0.2594697399352363
1572,-13.0,0.792,0.25943816360620364
1573,-13.0,0.804,0.25148699071567626
1574,-13.0,0.8160000000000001,0.2539821073282281
1575,-13.0,0.8280000000000001,0.2579268025645794
1576,-13.0,0.84,0.2453272642220308
1577,-13.0,0.852,0.2582533842194934
1578,-13.0,0.8640000000000001,0.2511263371168268
1579,-13.0,0.8759999999999999,0.25422880903126743
1580,-13.0,0.888,0.25633602498691654
1581,-13.0,0.9,0.2557551429228576
1582,-13.0,0.912,0.2537953654888816
1583,-13.0,0.924,0.24445405953523222
1584,-13.0,0.9359999999999999,0.2517468922805478
1585,-13.0,0.948,0.2503738491307772
1586,-13.0,0.96,0.2559546812182588
1587,-13.0,0.972,0.24572162230549688
1588,-13.0,0.9840000000000001,0.2460981200040345
1589,-13.0,0.996,0.2439624096355772
1590,-13.0,1.008,0.25794830932575696
1591,-13.0,1.02,0.24324431355264495
1592,-13.0,1.032,0.24933591028413477
1593,-13.0,1.044,0.24749033012249652
1594,-13.0,1.056,0.24106442311134135
1595,-13.0,1.068,0.2514679272100274
1596,-13.0,1.08,0.24874185368257123
1597,-13.0,1.092,0.2493849983356077
1598,-13.0,1.104,0.2454104802334904
1599,-13.0,1.1159999999999999,0.24775824590133494
1600,-13.0,1.128,0.2541424347505807
1601,-13.0,1.14,0.24824240479516044
1602,-13.0,1.152,0.23905478344700687
1603,-13.0,1.1640000000000001,0.25089516688021746
1604,-13.0,1.176,0.24396697892545874
1605,-13.0,1.188,0.2420313862384355
1606,-13.0,1.2,0.23550808045698024
1607,-13.0,1.212,0.2514046447578278
1608,-13.0,1.224,0.2440685783977395
1609,-13.0,1.236,0.24739714213454908
1610,-13.0,1.248,0.24584342548552376
1611,-13.0,1.26,0.23585240450297063
1612,-13.0,1.272,0.2462342675828571
1613,-13.0,1.284,0.24262625293577633
1614,-13.0,1.296,0.24342478759001754
1615,-13.0,1.308,0.24665211335935583
1616,-13.0,1.32,0.24069098554646157
1617,-13.0,1.3319999999999999,0.2522783134233834
1618,-13.0,1.344,0.23880102248165536
1619,-13.0,1.3559999999999999,0.24956307638733277
1620,-13.0,1.368,0.24153782535388182
1621,-13.0,1.38,0.2426928516382019
1622,-13.0,1.392,0.24397356699131215
1623,-13.0,1.404,0.25255736949895785
1624,-13.0,1.416,0.24511806799685237
1625,-13.0,1.4280000000000002,0.2449268377750189
1626,-13.0,1.44,0.24157230504481503
1627,-13.0,1.452,0.2377178799619197
1628,-13.0,1.464,0.23884619717709218
1629,-13.0,1.476,0.24088932871680452
1630,-13.0,1.4880000000000002,0.23862418467945026
1631,-13.0,1.5,0.23807607019970672
1632,-13.0,1.5119999999999998,0.2397341597624156
1633,-13.0,1.524,0.24084915641867205
1634,-13.0,1.536,0.23748800782916304
1635,-13.0,1.548,0.23714258247242437
1636,-13.0,1.56,0.24309302148404718
1637,-13.0,1.5719999999999998,0.2406721252874958
1638,-13.0,1.584,0.24941674824170296
1639,-13.0,1.5959999999999999,0.24524719184023683
1640,-13.0,1.608,0.2308319460157734
1641,-13.0,1.62,0.23623595278023607
1642,-13.0,1.632,0.24443289710195654
1643,-13.0,1.644,0.24090168733626255
1644,-13.0,1.656,0.23588543549639146
1645,-13.0,1.6680000000000001,0.23603054797144973
1646,-13.0,1.68,0.24206397778455113
1647,-13.0,1.692,0.2359798312389999
1648,-13.0,1.704,0.23169333942564355
1649,-13.0,1.716,0.23763543506711352
1650,-13.0,1.7280000000000002,0.24159326234434264
1651,-13.0,1.74,0.2438068229339013
1652,-13.0,1.7519999999999998,0.24529053389230307
1653,-13.0,1.764,0.23351901268942768
1654,-13.0,1.776,0.23941538372126803
1655,-13.0,1.788,0.2398216263665855
1656,-13.0,1.8,0.24668994939408148
1657,-13.0,1.8119999999999998,0.2479768541129136
1658,-13.0,1.824,0.2394291649262345
1659,-13.0,1.8359999999999999,0.24590756402925332
1660,-13.0,1.848,0.23159015007772146
1661,-13.0,1.86,0.23834423539584446
1662,-13.0,1.8719999999999999,0.23553012574088467
1663,-13.0,1.884,0.23015741181607582
1664,-13.0,1.896,0.23764631729243094
1665,-13.0,1.908,0.2387862583589162
1666,-13.0,1.92,0.23416207697829602
1667,-13.0,1.932,0.23358546236835787
1668,-13.0,1.944,0.22104947156087879
1669,-13.0,1.956,0.2290108895068983
1670,-13.0,1.9680000000000002,0.23454470566168262
1671,-13.0,1.98,0.23531083368087763
1672,-13.0,1.992,0.23739446536120712
1673,-13.0,2.004,0.23179620213055052
1674,-13.0,2.016,0.23026257936173186
1675,-13.0,2.028,0.2349626950712916
1676,-13.0,2.04,0.22843775064065677
1677,-13.0,2.052,0.2372056047562955
1678,-13.0,2.064,0.2276246120085527
1679,-13.0,2.076,0.237453759285191
1680,-13.0,2.088,0.24086284597235574
1681,-13.0,2.1,0.23260462366405674
1682,-13.0,2.112,0.23254797696913915
1683,-13.0,2.124,0.2307725474769529
1684,-13.0,2.136,0.2389953621105514
1685,-13.0,2.148,0.2367957881613403
1686,-13.0,2.16,0.2548591324808872
1687,-13.0,2.1719999999999997,0.25737419598617334
1688,-13.0,2.184,0.2787840624556523
1689,-13.0,2.1959999999999997,0.2954642121951755
1690,-13.0,2.208,0.32023844490444053
1691,-13.0,2.22,0.32505541645112573
1692,-13.0,2.2319999999999998,0.3275296203052667
1693,-13.0,2.244,0.34543754726127224
1694,-13.0,2.256,0.35871649175531894
1695,-13.0,2.268,0.3570740120138246
1696,-13.0,2.28,0.3654107225949828
1697,-13.0,2.2920000000000003,0.3469052916929471
1698,-13.0,2.3040000000000003,0.35538767514258524
1699,-13.0,2.316,0.353931584677004
1700,-13.0,2.3280000000000003,0.35525326101357435
1701,-13.0,2.34,0.34888875400750013
1702,-13.0,2.352,0.35144229019783363
1703,-13.0,2.364,0.34794954743790346
1704,-13.0,2.376,0.3546061431560192
1705,-13.0,2.388,0.33905235828929836
1706,-13.0,2.4,0.3488109444825399
1707,-13.0,2.412,0.3373706051124368
1708,-13.0,2.424,0.3443905343586744
1709,-13.0,2.436,0.3357766821598564
1710,-13.0,2.448,0.3520495209387965
1711,-13.0,2.46,0.33309035347639804
1712,-13.0,2.472,0.32543695506160775
1713,-13.0,2.484,0.35064811216302555
1714,-13.0,2.496,0.3383689227897977
1715,-13.0,2.508,0.32501586827348516
1716,-13.0,2.52,0.3308746997146398
1717,-13.0,2.532,0.3241311764141799
1718,-13.0,2.544,0.33955644484783243
1719,-13.0,2.556,0.33329995391214984
1720,-13.0,2.568,0.32977186559742366
1721,-13.0,2.58,0.3251423810326339
1722,-13.0,2.592,0.31717959699634635
1723,-13.0,2.6039999999999996,0.3327681512448525
1724,-13.0,2.616,0.33532784611515887
1725,-13.0,2.628,0.3268018051436542
1726,-13.0,2.64,0.3244907930248152
1727,-13.0,2.6519999999999997,0.3314121009237661
1728,-13.0,2.6639999999999997,0.3270518632284109
1729,-13.0,2.676,0.31859749630378054
1730,-13.0,2.688,0.32235645318365536
1731,-13.0,2.7,0.31992959043133085
1732,-13.0,2.7119999999999997,0.32247428786592813
1733,-13.0,2.7239999999999998,0.3197043226025902
1734,-13.0,2.736,0.32454505826660934
1735,-13.0,2.748,0.3213080032902193
1736,-13.0,2.76,0.3200704275695478
1737,-13.0,2.772,0.3154808522636083
1738,-13.0,2.7840000000000003,0.3129156493791776
1739,-13.0,2.7960000000000003,0.31933718969720276
1740,-13.0,2.8080000000000003,0.3135443523953408
1741,-13.0,2.82,0.31514077814568686
1742,-13.0,2.832,0.3193953247537503
1743,-13.0,2.844,0.3108634272491455
1744,-13.0,2.8560000000000003,0.3120217857883989
1745,-13.0,2.8680000000000003,0.31300398219321124
1746,-13.0,2.88,0.3081670838779632
1747,-13.0,2.892,0.306011745239838
1748,-13.0,2.904,0.3095174370177125
1749,-13.0,2.9160000000000004,0.3108618672107062
1750,-13.0,2.928,0.31227028528386436
1751,-13.0,2.94,0.3177117646806041
1752,-13.0,2.952,0.3020704779969599
1753,-13.0,2.964,0.30736297032180765
1754,-13.0,2.9760000000000004,0.302091170199729
1755,-13.0,2.988,0.3105109521937933
1756,-13.0,3.0,0.30199887070630527
1757,-15.0,0.0,0.1259249783099425
1758,-15.0,0.012,0.1307621526086106
1759,-15.0,0.024,0.1164820844661004
1760,-15.0,0.036000000000000004,0.13017077137966504
1761,-15.0,0.048,0.13235098276538698
1762,-15.0,0.06,0.13243203546704033
1763,-15.0,0.07200000000000001,0.12838186583264227
1764,-15.0,0.084,0.12178789957674221
1765,-15.0,0.096,0.12510176672523848
1766,-15.0,0.10800000000000001,0.11691304650058659
1767,-15.0,0.12,0.1284687185601037
1768,-15.0,0.132,0.12588489445076032
1769,-15.0,0.14400000000000002,0.1278541767228657
1770,-15.0,0.156,0.12821787183426722
1771,-15.0,0.168,0.1305421431396604
1772,-15.0,0.18,0.125286950668722
1773,-15.0,0.192,0.13141608087041884
1774,-15.0,0.204,0.13419315790946693
1775,-15.0,0.21600000000000003,0.1270037537133282
1776,-15.0,0.228,0.12893287546564153
1777,-15.0,0.24,0.12500452374946547
1778,-15.0,0.252,0.12175734152817601
1779,-15.0,0.264,0.12387843473258346
1780,-15.0,0.276,0.12520468869159135
1781,-15.0,0.28800000000000003,0.12266489099146044
1782,-15.0,0.3,0.11844292660011269
1783,-15.0,0.312,0.12852980515562504
1784,-15.0,0.324,0.12872343749875062
1785,-15.0,0.336,0.12585839485845815
1786,-15.0,0.34800000000000003,0.12185960793312471
1787,-15.0,0.36,0.12453799155896164
1788,-15.0,0.37200000000000005,0.12266807212553293
1789,-15.0,0.384,0.12412039093447055
1790,-15.0,0.396,0.12130679878708653
1791,-15.0,0.408,0.1230005479947691
1792,-15.0,0.42,0.12665376710486173
1793,-15.0,0.43200000000000005,0.12543964931493598
1794,-15.0,0.444,0.13768071061693224
1795,-15.0,0.456,0.15296624015038787
1796,-15.0,0.46799999999999997,0.1630162989649473
1797,-15.0,0.48,0.17163975637420903
1798,-15.0,0.49200000000000005,0.183933547903867
1799,-15.0,0.504,0.193330360552531
1800,-15.0,0.516,0.19489415851657813
1801,-15.0,0.528,0.20607055901564056
1802,-15.0,0.54,0.19887380606649216
1803,-15.0,0.552,0.21386849693740254
1804,-15.0,0.5640000000000001,0.2144298636979787
1805,-15.0,0.5760000000000001,0.22090176185800284
1806,-15.0,0.588,0.22286662688211714
1807,-15.0,0.6,0.21724467304717296
1808,-15.0,0.612,0.2181361823578892
1809,-15.0,0.624,0.21284022546229628
1810,-15.0,0.636,0.22039111671792921
1811,-15.0,0.648,0.2225144079446868
1812,-15.0,0.66,0.22763461826799894
1813,-15.0,0.672,0.22608840926491827
1814,-15.0,0.684,0.22842418378100748
1815,-15.0,0.6960000000000001,0.2293782710050438
1816,-15.0,0.708,0.2221992837798396
1817,-15.0,0.72,0.22828243361090966
1818,-15.0,0.732,0.2214437551769515
1819,-15.0,0.7440000000000001,0.23696300110532906
1820,-15.0,0.7559999999999999,0.2373198903236602
1821,-15.0,0.768,0.22871413702843846
1822,-15.0,0.78,0.22298176060722974
1823,-15.0,0.792,0.22341409771892076
1824,-15.0,0.804,0.23076311513214456
1825,-15.0,0.8160000000000001,0.22392585977544463
1826,-15.0,0.8280000000000001,0.23211709158344357
1827,-15.0,0.84,0.23051641827918104
1828,-15.0,0.852,0.2300389952928545
1829,-15.0,0.8640000000000001,0.2317314955689736
1830,-15.0,0.8759999999999999,0.23654706120536897
1831,-15.0,0.888,0.22337290099353804
1832,-15.0,0.9,0.23789359546627123
1833,-15.0,0.912,0.24312264163041708
1834,-15.0,0.924,0.229198303279602
1835,-15.0,0.9359999999999999,0.23540370228286134
1836,-15.0,0.948,0.23651663852579982
1837,-15.0,0.96,0.2315915621504636
1838,-15.0,0.972,0.23100718334693462
1839,-15.0,0.9840000000000001,0.2261846506519513
1840,-15.0,0.996,0.23486794971980848
1841,-15.0,1.008,0.23186198824906917
1842,-15.0,1.02,0.23371294859832442
1843,-15.0,1.032,0.2361619363696503
1844,-15.0,1.044,0.22830581347536857
1845,-15.0,1.056,0.23958621282870188
1846,-15.0,1.068,0.23373759653308038
1847,-15.0,1.08,0.23761101876717572
1848,-15.0,1.092,0.24177019611936398
1849,-15.0,1.104,0.24151736006932156
1850,-15.0,1.1159999999999999,0.23385557343398555
1851,-15.0,1.128,0.23581094783945408
1852,-15.0,1.14,0.23816569378635177
1853,-15.0,1.152,0.24250420059124472
1854,-15.0,1.1640000000000001,0.23178122371573995
1855,-15.0,1.176,0.228605287083928
1856,-15.0,1.188,0.23184731181760096
1857,-15.0,1.2,0.21891514021907682
1858,-15.0,1.212,0.23407470289154858
1859,-15.0,1.224,0.2231641069914357
1860,-15.0,1.236,0.22953809799713454
1861,-15.0,1.248,0.23400657820262485
1862,-15.0,1.26,0.2316510874920714
1863,-15.0,1.272,0.2304792749009598
1864,-15.0,1.284,0.23451622894180393
1865,-15.0,1.296,0.2358573458323679
1866,-15.0,1.308,0.2439818464034458
1867,-15.0,1.32,0.23474379668372292
1868,-15.0,1.3319999999999999,0.23195041422591464
1869,-15.0,1.344,0.22500428270629216
1870,-15.0,1.3559999999999999,0.22911929606144588
1871,-15.0,1.368,0.23633679264232238
1872,-15.0,1.38,0.23706571964913792
1873,-15.0,1.392,0.23810837639552743
1874,-15.0,1.404,0.23187288526193825
1875,-15.0,1.416,0.22967404668584826
1876,-15.0,1.4280000000000002,0.22807640605422547
1877,-15.0,1.44,0.23212474546178186
1878,-15.0,1.452,0.23746335120817458
1879,-15.0,1.464,0.23000954364977105
1880,-15.0,1.476,0.22851589144169876
1881,-15.0,1.4880000000000002,0.23616399451074266
1882,-15.0,1.5,0.23008097906011263
1883,-15.0,1.5119999999999998,0.2335206726739183
1884,-15.0,1.524,0.23690542093265415
1885,-15.0,1.536,0.2341650629828685
1886,-15.0,1.548,0.22898171647928986
1887,-15.0,1.56,0.2335032748052542
1888,-15.0,1.5719999999999998,0.22414454751660756
1889,-15.0,1.584,0.23137681414729164
1890,-15.0,1.5959999999999999,0.2282488661395541
1891,-15.0,1.608,0.2312774043930722
1892,-15.0,1.62,0.2335814695457559
1893,-15.0,1.632,0.22904805602130096
1894,-15.0,1.644,0.22844001907014952
1895,-15.0,1.656,0.236818989743763
1896,-15.0,1.6680000000000001,0.23351335255068592
1897,-15.0,1.68,0.22419689899082548
1898,-15.0,1.692,0.22530966170524877
1899,-15.0,1.704,0.22979265650235436
1900,-15.0,1.716,0.23007277809398846
1901,-15.0,1.7280000000000002,0.22634234158546163
1902,-15.0,1.74,0.2241889797405039
1903,-15.0,1.7519999999999998,0.23492907303900856
1904,-15.0,1.764,0.2319098257836907
1905,-15.0,1.776,0.22586154095815428
1906,-15.0,1.788,0.23012418000867038
1907,-15.0,1.8,0.22432924266983487
1908,-15.0,1.8119999999999998,0.2303981290510378
1909,-15.0,1.824,0.22970124580417406
1910,-15.0,1.8359999999999999,0.22546391898412432
1911,-15.0,1.848,0.23330673044840386
1912,-15.0,1.86,0.2269631115475905
1913,-15.0,1.8719999999999999,0.22837353473585567
1914,-15.0,1.884,0.22727537302675632
1915,-15.0,1.896,0.22005832023186062
1916,-15.0,1.908,0.23167543964124343
1917,-15.0,1.92,0.23021129678467991
1918,-15.0,1.932,0.23028768784342288
1919,-15.0,1.944,0.22618276082921
1920,-15.0,1.956,0.22644835462285187
1921,-15.0,1.9680000000000002,0.23974824557354357
1922,-15.0,1.98,0.23147272371002123
1923,-15.0,1.992,0.23474430360127602
1924,-15.0,2.004,0.23555652588554188
1925,-15.0,2.016,0.22575989820370765
1926,-15.0,2.028,0.22891865760961033
1927,-15.0,2.04,0.22290385899310333
1928,-15.0,2.052,0.23101132173461783
1929,-15.0,2.064,0.21542985952250165
1930,-15.0,2.076,0.23270177666758649
1931,-15.0,2.088,0.22667427964477926
1932,-15.0,2.1,0.22114494672188065
1933,-15.0,2.112,0.23257780721981025
1934,-15.0,2.124,0.2278503691987169
1935,-15.0,2.136,0.22366259651071538
1936,-15.0,2.148,0.2195507720808743
1937,-15.0,2.16,0.2304829601801102
1938,-15.0,2.1719999999999997,0.2369677241819251
1939,-15.0,2.184,0.2353837274876483
1940,-15.0,2.1959999999999997,0.2497406207687376
1941,-15.0,2.208,0.26029939300614613
1942,-15.0,2.22,0.2787966355485822
1943,-15.0,2.2319999999999998,0.29752853420578484
1944,-15.0,2.244,0.30408935404458487
1945,-15.0,2.256,0.3135584919274772
1946,-15.0,2.268,0.33068906594391045
1947,-15.0,2.28,0.33682435982267184
1948,-15.0,2.2920000000000003,0.33963653032111024
1949,-15.0,2.3040000000000003,0.34734960864075987
1950,-15.0,2.316,0.3457499228322462
1951,-15.0,2.3280000000000003,0.3411488701519145
1952,-15.0,2.34,0.3407879748171971
1953,-15.0,2.352,0.34622993756323567
1954,-15.0,2.364,0.346110945977385
1955,-15.0,2.376,0.33985707914775465
1956,-15.0,2.388,0.34219726005751444
1957,-15.0,2.4,0.3395624180320968
1958,-15.0,2.412,0.33866420719983037
1959,-15.0,2.424,0.32610810129484324
1960,-15.0,2.436,0.3269022418719974
1961,-15.0,2.448,0.325859518631298
1962,-15.0,2.46,0.3253914980154276
1963,-15.0,2.472,0.33834883621077955
1964,-15.0,2.484,0.3249990288193893
1965,-15.0,2.496,0.3319673414722831
1966,-15.0,2.508,0.329904918013982
1967,-15.0,2.52,0.3267345989168481
1968,-15.0,2.532,0.3221747476976729
1969,-15.0,2.544,0.328071629930542
1970,-15.0,2.556,0.3285996838264628
1971,-15.0,2.568,0.3263924162421148
1972,-15.0,2.58,0.32011267677853
1973,-15.0,2.592,0.3141223278101821
1974,-15.0,2.6039999999999996,0.3241132535279425
1975,-15.0,2.616,0.31861923398373837
1976,-15.0,2.628,0.3199461211796902
1977,-15.0,2.64,0.31766222374661623
1978,-15.0,2.6519999999999997,0.32413787387467496
1979,-15.0,2.6639999999999997,0.32802787733146144
1980,-15.0,2.676,0.3162967786694744
1981,-15.0,2.688,0.31519970427042515
1982,-15.0,2.7,0.3159072200523229
1983,-15.0,2.7119999999999997,0.32905733772720797
1984,-15.0,2.7239999999999998,0.31774416199449024
1985,-15.0,2.736,0.3074483582209088
1986,-15.0,2.748,0.3056538762864357
1987,-15.0,2.76,0.3125113927643673
1988,-15.0,2.772,0.3124040850846961
1989,-15.0,2.7840000000000003,0.31157946618672633
1990,-15.0,2.7960000000000003,0.3030835495714306
1991,-15.0,2.8080000000000003,0.29542024492635455
1992,-15.0,2.82,0.3207532343583676
1993,-15.0,2.832,0.3093799211167261
1994,-15.0,2.844,0.3097920275517295
1995,-15.0,2.8560000000000003,0.302379400441958
1996,-15.0,2.8680000000000003,0.3099342613597052
1997,-15.0,2.88,0.3050919512925116
1998,-15.0,2.892,0.30348381455503765
1999,-15.0,2.904,0.31541675373400735
2000,-15.0,2.9160000000000004,0.309879001778652
2001,-15.0,2.928,0.3097381333234974
2002,-15.0,2.94,0.3019426384878636
2003,-15.0,2.952,0.30381433900974186
2004,-15.0,2.964,0.3126311317273651
2005,-15.0,2.9760000000000004,0.30818751260194804
2006,-15.0,2.988,0.3054271859100946
2007,-15.0,3.0,0.30435712744106685
2008,-17.0,0.0,0.12043369615662018
2009,-17.0,0.012,0.11738821368797316
2010,-17.0,0.024,0.1232297431019245
2011,-17.0,0.036000000000000004,0.12474326493287145
2012,-17.0,0.048,0.12505160077292582
2013,-17.0,0.06,0.13448460739366194
2014,-17.0,0.07200000000000001,0.11334699858297113
2015,-17.0,0.084,0.11146696631124701
2016,-17.0,0.096,0.11994014667989798
2017,-17.0,0.10800000000000001,0.1328870181323345
2018,-17.0,0.12,0.13175746982488704
2019,-17.0,0.132,0.12534226808815452
2020,-17.0,0.14400000000000002,0.12220940669608996
2021,-17.0,0.156,0.1250519708592588
2022,-17.0,0.168,0.12430731487197222
2023,-17.0,0.18,0.11456328692872994
2024,-17.0,0.192,0.12731045127780277
2025,-17.0,0.204,0.12804246733439323
2026,-17.0,0.21600000000000003,0.12047236927094117
2027,-17.0,0.228,0.12767299035566654
2028,-17.0,0.24,0.13202379189330016
2029,-17.0,0.252,0.12440175315258983
2030,-17.0,0.264,0.12348612208335073
2031,-17.0,0.276,0.1251826768217851
2032,-17.0,0.28800000000000003,0.119068994852398
2033,-17.0,0.3,0.12588809324398945
2034,-17.0,0.312,0.11994866097642914
2035,-17.0,0.324,0.12069642260070561
2036,-17.0,0.336,0.11940861894381627
2037,-17.0,0.34800000000000003,0.12767343637289416
2038,-17.0,0.36,0.12961539404383562
2039,-17.0,0.37200000000000005,0.1188665429887922
2040,-17.0,0.384,0.1316611971804396
2041,-17.0,0.396,0.11870567804098031
2042,-17.0,0.408,0.12471133763896917
2043,-17.0,0.42,0.11944048161646123
2044,-17.0,0.43200000000000005,0.12467343719174392
2045,-17.0,0.444,0.1267504090558851
2046,-17.0,0.456,0.1092081348054035
2047,-17.0,0.46799999999999997,0.13205398443971236
2048,-17.0,0.48,0.13240117693904993
2049,-17.0,0.49200000000000005,0.12993197473335344
2050,-17.0,0.504,0.1201850697267763
2051,-17.0,0.516,0.11922199170170818
2052,-17.0,0.528,0.13786086197680097
2053,-17.0,0.54,0.13624628912666267
2054,-17.0,0.552,0.11686062726106333
2055,-17.0,0.5640000000000001,0.12352035028218251
2056,-17.0,0.5760000000000001,0.126544042730385
2057,-17.0,0.588,0.1260029213992925
2058,-17.0,0.6,0.12065997240214696
2059,-17.0,0.612,0.12052092150501831
2060,-17.0,0.624,0.1428150339663078
2061,-17.0,0.636,0.14274251404762925
2062,-17.0,0.648,0.13278465137208587
2063,-17.0,0.66,0.14381341000104397
2064,-17.0,0.672,0.1568137677690808
2065,-17.0,0.684,0.16136316926620178
2066,-17.0,0.6960000000000001,0.16402138671687091
2067,-17.0,0.708,0.16199941701538342
2068,-17.0,0.72,0.16602289015755223
2069,-17.0,0.732,0.17760566674046346
2070,-17.0,0.7440000000000001,0.19060721504938907
2071,-17.0,0.7559999999999999,0.18696751652784965
2072,-17.0,0.768,0.1793575191073972
2073,-17.0,0.78,0.1743713226183247
2074,-17.0,0.792,0.18097122771142365
2075,-17.0,0.804,0.18306261611034283
2076,-17.0,0.8160000000000001,0.19648534399040493
2077,-17.0,0.8280000000000001,0.17952771127681602
2078,-17.0,0.84,0.1887159150632135
2079,-17.0,0.852,0.19445090938855214
2080,-17.0,0.8640000000000001,0.19864077839747427
2081,-17.0,0.8759999999999999,0.2046449921133617
2082,-17.0,0.888,0.19052266036581675
2083,-17.0,0.9,0.20430535751237616
2084,-17.0,0.912,0.20017967137451503
2085,-17.0,0.924,0.20320352970279948
2086,-17.0,0.9359999999999999,0.20738403456156906
2087,-17.0,0.948,0.21234591098849734
2088,-17.0,0.96,0.20410179118309546
2089,-17.0,0.972,0.2106285861147368
2090,-17.0,0.9840000000000001,0.2060746381861772
2091,-17.0,0.996,0.20919385273731825
2092,-17.0,1.008,0.1988027824468955
2093,-17.0,1.02,0.20829017744441636
2094,-17.0,1.032,0.21950303294722046
2095,-17.0,1.044,0.21175693952507438
2096,-17.0,1.056,0.21073896494665859
2097,-17.0,1.068,0.20709045151481054
2098,-17.0,1.08,0.2117776920712837
2099,-17.0,1.092,0.21113689218454557
2100,-17.0,1.104,0.21186866082227462
2101,-17.0,1.1159999999999999,0.2193767118125643
2102,-17.0,1.128,0.21516675264621482
2103,-17.0,1.14,0.21348553814749738
2104,-17.0,1.152,0.2152778841086034
2105,-17.0,1.1640000000000001,0.21513683028847738
2106,-17.0,1.176,0.21632240487283708
2107,-17.0,1.188,0.21360120324249238
2108,-17.0,1.2,0.21574963892903154
2109,-17.0,1.212,0.2146137585645361
2110,-17.0,1.224,0.20726425166135115
2111,-17.0,1.236,0.21760125114895176
2112,-17.0,1.248,0.2198897118239144
2113,-17.0,1.26,0.21358851364215384
2114,-17.0,1.272,0.21234850671203934
2115,-17.0,1.284,0.20802062166390012
2116,-17.0,1.296,0.2176335412675203
2117,-17.0,1.308,0.21227804684871054
2118,-17.0,1.32,0.21962932416226172
2119,-17.0,1.3319999999999999,0.21999126744113667
2120,-17.0,1.344,0.2175216829699508
2121,-17.0,1.3559999999999999,0.21709296874549777
2122,-17.0,1.368,0.21618732025223658
2123,-17.0,1.38,0.21564661700298143
2124,-17.0,1.392,0.2228212018717713
2125,-17.0,1.404,0.21622548853212864
2126,-17.0,1.416,0.20714751180382668
2127,-17.0,1.4280000000000002,0.21061254362675363
2128,-17.0,1.44,0.21613117372771076
2129,-17.0,1.452,0.21172648018008827
2130,-17.0,1.464,0.21714147514998725
2131,-17.0,1.476,0.21555355690262634
2132,-17.0,1.4880000000000002,0.22031352930381173
2133,-17.0,1.5,0.21866081910517396
2134,-17.0,1.5119999999999998,0.22115779105289776
2135,-17.0,1.524,0.2204694341926905
2136,-17.0,1.536,0.21948983518129778
2137,-17.0,1.548,0.21605895548290643
2138,-17.0,1.56,0.21317837103956033
2139,-17.0,1.5719999999999998,0.21649853411722667
2140,-17.0,1.584,0.22512065127734585
2141,-17.0,1.5959999999999999,0.21497628955090173
2142,-17.0,1.608,0.2142079444341353
2143,-17.0,1.62,0.22453177524205745
2144,-17.0,1.632,0.2170559823032015
2145,-17.0,1.644,0.21806936583169453
2146,-17.0,1.656,0.21681223394364993
2147,-17.0,1.6680000000000001,0.22042645802653651
2148,-17.0,1.68,0.2204153565040433
2149,-17.0,1.692,0.2226105753006905
2150,-17.0,1.704,0.2157258503811371
2151,-17.0,1.716,0.2087797125869585
2152,-17.0,1.7280000000000002,0.22547531286716846
2153,-17.0,1.74,0.21741982885284142
2154,-17.0,1.7519999999999998,0.22202126842597428
2155,-17.0,1.764,0.21970718934732447
2156,-17.0,1.776,0.20895282858934242
2157,-17.0,1.788,0.20926090834889077
2158,-17.0,1.8,0.20825120148823517
2159,-17.0,1.8119999999999998,0.21046006564287764
2160,-17.0,1.824,0.21871793637693895
2161,-17.0,1.8359999999999999,0.22164934914453013
2162,-17.0,1.848,0.21230635418962326
2163,-17.0,1.86,0.22141253302380998
2164,-17.0,1.8719999999999999,0.21523941714841485
2165,-17.0,1.884,0.21141148204037052
2166,-17.0,1.896,0.2182827963798193
2167,-17.0,1.908,0.2150636870460584
2168,-17.0,1.92,0.21451270311117462
2169,-17.0,1.932,0.21830150716881597
2170,-17.0,1.944,0.21784971401246728
2171,-17.0,1.956,0.2160824446420323
2172,-17.0,1.9680000000000002,0.2232363662489803
2173,-17.0,1.98,0.219490411132254
2174,-17.0,1.992,0.21995037772520779
2175,-17.0,2.004,0.22223253487139835
2176,-17.0,2.016,0.21607718694263217
2177,-17.0,2.028,0.2230152092574959
2178,-17.0,2.04,0.21854218425159727
2179,-17.0,2.052,0.21779391083124003
2180,-17.0,2.064,0.2137863092180363
2181,-17.0,2.076,0.21109038021612228
2182,-17.0,2.088,0.2089203428240252
2183,-17.0,2.1,0.21726341630919319
2184,-17.0,2.112,0.2242525893893615
2185,-17.0,2.124,0.220305057448422
2186,-17.0,2.136,0.2157026340834248
2187,-17.0,2.148,0.2169590755862776
2188,-17.0,2.16,0.2189028941963328
2189,-17.0,2.1719999999999997,0.21646421801072763
2190,-17.0,2.184,0.2287341155441796
2191,-17.0,2.1959999999999997,0.2165275214905933
2192,-17.0,2.208,0.23327056897200726
2193,-17.0,2.22,0.23408866003579085
2194,-17.0,2.2319999999999998,0.24004272244107006
2195,-17.0,2.244,0.25550654985771926
2196,-17.0,2.256,0.261096346750602
2197,-17.0,2.268,0.2762595138434038
2198,-17.0,2.28,0.29835558203868656
2199,-17.0,2.2920000000000003,0.3054759409794702
2200,-17.0,2.3040000000000003,0.3085801298594884
2201,-17.0,2.316,0.311962406939764
2202,-17.0,2.3280000000000003,0.31606087912981573
2203,-17.0,2.34,0.32110051976139087
2204,-17.0,2.352,0.3278604531683041
2205,-17.0,2.364,0.3188864483382647
2206,-17.0,2.376,0.32263376701635155
2207,-17.0,2.388,0.32892162170860034
2208,-17.0,2.4,0.33073368170146583
2209,-17.0,2.412,0.316381400380974
2210,-17.0,2.424,0.3225316610678422
2211,-17.0,2.436,0.32745561904544435
2212,-17.0,2.448,0.3262541874717819
2213,-17.0,2.46,0.3150981556355609
2214,-17.0,2.472,0.3269101346737234
2215,-17.0,2.484,0.3184329742254655
2216,-17.0,2.496,0.31737883639834724
2217,-17.0,2.508,0.31674058026169966
2218,-17.0,2.52,0.31007324739078523
2219,-17.0,2.532,0.313138468422465
2220,-17.0,2.544,0.3238673243922748
2221,-17.0,2.556,0.31140902530617176
2222,-17.0,2.568,0.3208173226879477
2223,-17.0,2.58,0.3114049366565035
2224,-17.0,2.592,0.31403610225221396
2225,-17.0,2.6039999999999996,0.3089105592648125
2226,-17.0,2.616,0.3123062713596886
2227,-17.0,2.628,0.30361127742482874
2228,-17.0,2.64,0.3200731196826534
2229,-17.0,2.6519999999999997,0.307763666389329
2230,-17.0,2.6639999999999997,0.31468090207754684
2231,-17.0,2.676,0.305371428890037
2232,-17.0,2.688,0.3088585963945037
2233,-17.0,2.7,0.31136946924008335
2234,-17.0,2.7119999999999997,0.307548161742101
2235,-17.0,2.7239999999999998,0.3156753362564329
2236,-17.0,2.736,0.3068883086266457
2237,-17.0,2.748,0.30730094390325674
2238,-17.0,2.76,0.3127754722062793
2239,-17.0,2.772,0.31592922715123156
2240,-17.0,2.7840000000000003,0.3133723540667057
2241,-17.0,2.7960000000000003,0.3048408112601701
2242,-17.0,2.8080000000000003,0.29510422363941463
2243,-17.0,2.82,0.2921245296001699
2244,-17.0,2.832,0.3071655424008565
2245,-17.0,2.844,0.3060279593472774
2246,-17.0,2.8560000000000003,0.30161933838306654
2247,-17.0,2.8680000000000003,0.2964176472572632
2248,-17.0,2.88,0.30054200467489717
2249,-17.0,2.892,0.28792317471865997
2250,-17.0,2.904,0.30004305597186187
2251,-17.0,2.9160000000000004,0.31090595740325805
2252,-17.0,2.928,0.3082260754266581
2253,-17.0,2.94,0.30326701222643393
2254,-17.0,2.952,0.29847187564948
2255,-17.0,2.964,0.2943015153803351
2256,-17.0,2.9760000000000004,0.2927519253322385
2257,-17.0,2.988,0.29320208828843153
2258,-17.0,3.0,0.29712665176478104
2259,-19.0,0.0,0.12294630034706824
2260,-19.0,0.012,0.13291236893345268
2261,-19.0,0.024,0.14076631814396787
2262,-19.0,0.036000000000000004,0.1277946624364454
2263,-19.0,0.048,0.11750384563525705
2264,-19.0,0.06,0.12388632400608582
2265,-19.0,0.07200000000000001,0.12222721292003363
2266,-19.0,0.084,0.11804045313034653
2267,-19.0,0.096,0.12702384396278057
2268,-19.0,0.10800000000000001,0.1278085390171862
2269,-19.0,0.12,0.12329000449307032
2270,-19.0,0.132,0.1179363422286234
2271,-19.0,0.14400000000000002,0.12201498059724375
2272,-19.0,0.156,0.11906742909025232
2273,-19.0,0.168,0.11655888690233322
2274,-19.0,0.18,0.11928156465611799
2275,-19.0,0.192,0.13020371774329847
2276,-19.0,0.204,0.11569978098447484
2277,-19.0,0.21600000000000003,0.13921345428492296
2278,-19.0,0.228,0.12761362710698765
2279,-19.0,0.24,0.12956950252092894
2280,-19.0,0.252,0.12851112264833256
2281,-19.0,0.264,0.12414000275601977
2282,-19.0,0.276,0.11665285752044346
2283,-19.0,0.28800000000000003,0.12754631438834613
2284,-19.0,0.3,0.13592097630751301
2285,-19.0,0.312,0.11516561974485315
2286,-19.0,0.324,0.12695752486642892
2287,-19.0,0.336,0.1269282727470499
2288,-19.0,0.34800000000000003,0.12490194628158804
2289,-19.0,0.36,0.1227276242854482
2290,-19.0,0.37200000000000005,0.12023290805644775
2291,-19.0,0.384,0.12822633545591153
2292,-19.0,0.396,0.11901448220097997
2293,-19.0,0.408,0.12833927348247892
2294,-19.0,0.42,0.13058149677834008
2295,-19.0,0.43200000000000005,0.11325495480329158
2296,-19.0,0.444,0.11238664219593755
2297,-19.0,0.456,0.12132078132675322
2298,-19.0,0.46799999999999997,0.12169494617699388
2299,-19.0,0.48,0.12624177580383417
2300,-19.0,0.49200000000000005,0.1297040525046785
2301,-19.0,0.504,0.12224859903298227
2302,-19.0,0.516,0.12632236715714434
2303,-19.0,0.528,0.12783841839616295
2304,-19.0,0.54,0.11592042506892396
2305,-19.0,0.552,0.11613274472614996
2306,-19.0,0.5640000000000001,0.11760012616235985
2307,-19.0,0.5760000000000001,0.12424135656833411
2308,-19.0,0.588,0.12063242798571927
2309,-19.0,0.6,0.11925410367638063
2310,-19.0,0.612,0.12567886769643105
2311,-19.0,0.624,0.12175384277494763
2312,-19.0,0.636,0.12577426509535455
2313,-19.0,0.648,0.1299754020765177
2314,-19.0,0.66,0.12581895961472886
2315,-19.0,0.672,0.12588137409411623
2316,-19.0,0.684,0.11985421227906991
2317,-19.0,0.6960000000000001,0.12903089285129118
2318,-19.0,0.708,0.12670868253467144
2319,-19.0,0.72,0.1351909992001701
2320,-19.0,0.732,0.11727687338249984
2321,-19.0,0.7440000000000001,0.12386727611980977
2322,-19.0,0.7559999999999999,0.11137435686283241
2323,-19.0,0.768,0.1272564840156772
2324,-19.0,0.78,0.1341594352588069
2325,-19.0,0.792,0.12236351222651114
2326,-19.0,0.804,0.11973188898870694
2327,-19.0,0.8160000000000001,0.12680396983485018
2328,-19.0,0.8280000000000001,0.11479675457971225
2329,-19.0,0.84,0.12321696372037587
2330,-19.0,0.852,0.11561406617369252
2331,-19.0,0.8640000000000001,0.13567078809385086
2332,-19.0,0.8759999999999999,0.12753346308145522
2333,-19.0,0.888,0.130103019379092
2334,-19.0,0.9,0.13617194208296418
2335,-19.0,0.912,0.13362116718025216
2336,-19.0,0.924,0.13174129756092043
2337,-19.0,0.9359999999999999,0.12869215039968912
2338,-19.0,0.948,0.135169391318589
2339,-19.0,0.96,0.13601020319462467
2340,-19.0,0.972,0.1448745480370094
2341,-19.0,0.9840000000000001,0.14505552614695508
2342,-19.0,0.996,0.14849410169888133
2343,-19.0,1.008,0.15028175579301484
2344,-19.0,1.02,0.1523272107920659
2345,-19.0,1.032,0.1537862478155237
2346,-19.0,1.044,0.16176853914901568
2347,-19.0,1.056,0.16018449419231218
2348,-19.0,1.068,0.1554227699510658
2349,-19.0,1.08,0.1665242010653446
2350,-19.0,1.092,0.16369830364723745
2351,-19.0,1.104,0.17668254522064036
2352,-19.0,1.1159999999999999,0.16853241511195927
2353,-19.0,1.128,0.1785189917051124
2354,-19.0,1.14,0.17798493062843304
2355,-19.0,1.152,0.16981155867536124
2356,-19.0,1.1640000000000001,0.1802584521945291
2357,-19.0,1.176,0.1775401979173151
2358,-19.0,1.188,0.17052432477827426
2359,-19.0,1.2,0.17553035786769272
2360,-19.0,1.212,0.17609542977598683
2361,-19.0,1.224,0.1776437114530834
2362,-19.0,1.236,0.1863758667725865
2363,-19.0,1.248,0.1878764838052893
2364,-19.0,1.26,0.18848990451427497
2365,-19.0,1.272,0.17399259405776085
2366,-19.0,1.284,0.18376941445341033
2367,-19.0,1.296,0.18176437444155555
2368,-19.0,1.308,0.18816397852904848
2369,-19.0,1.32,0.18292728338324232
2370,-19.0,1.3319999999999999,0.18190617670084355
2371,-19.0,1.344,0.1806286544774732
2372,-19.0,1.3559999999999999,0.18690181612031892
2373,-19.0,1.368,0.19013299807306597
2374,-19.0,1.38,0.1913896317688784
2375,-19.0,1.392,0.18744706070715
2376,-19.0,1.404,0.20400941615311996
2377,-19.0,1.416,0.1904459634350246
2378,-19.0,1.4280000000000002,0.18847388180079858
2379,-19.0,1.44,0.2005719445455125
2380,-19.0,1.452,0.18739657857115685
2381,-19.0,1.464,0.19219772568021948
2382,-19.0,1.476,0.18860834089848866
2383,-19.0,1.4880000000000002,0.19654121139021052
2384,-19.0,1.5,0.19374584040789894
2385,-19.0,1.5119999999999998,0.19055675076315623
2386,-19.0,1.524,0.19172616066886153
2387,-19.0,1.536,0.1998720711909385
2388,-19.0,1.548,0.20287761556499073
2389,-19.0,1.56,0.19554521487928972
2390,-19.0,1.5719999999999998,0.18413840753608812
2391,-19.0,1.584,0.19713328717794215
2392,-19.0,1.5959999999999999,0.1935072848353953
2393,-19.0,1.608,0.19513685228210828
2394,-19.0,1.62,0.195929953774795
2395,-19.0,1.632,0.1971012632553239
2396,-19.0,1.644,0.19700497102682932
2397,-19.0,1.656,0.20163887790495305
2398,-19.0,1.6680000000000001,0.19137545055560115
2399,-19.0,1.68,0.202309735927424
2400,-19.0,1.692,0.19820330327346247
2401,-19.0,1.704,0.19640448545807448
2402,-19.0,1.716,0.19584398038967704
2403,-19.0,1.7280000000000002,0.19032132049333988
2404,-19.0,1.74,0.20762635324282577
2405,-19.0,1.7519999999999998,0.20815729047285741
2406,-19.0,1.764,0.19804073331401564
2407,-19.0,1.776,0.19839252115354358
2408,-19.0,1.788,0.19471494495143832
2409,-19.0,1.8,0.2035132314637905
2410,-19.0,1.8119999999999998,0.20670593422706995
2411,-19.0,1.824,0.19835002374066638
2412,-19.0,1.8359999999999999,0.2018365292060597
2413,-19.0,1.848,0.2094547595825781
2414,-19.0,1.86,0.19325714901283653
2415,-19.0,1.8719999999999999,0.19889498183994697
2416,-19.0,1.884,0.19890248088604567
2417,-19.0,1.896,0.19093684414058867
2418,-19.0,1.908,0.19880428146723605
2419,-19.0,1.92,0.20217551226507605
2420,-19.0,1.932,0.2038857018379577
2421,-19.0,1.944,0.20263444171901163
2422,-19.0,1.956,0.20028309409257375
2423,-19.0,1.9680000000000002,0.2048476225841452
2424,-19.0,1.98,0.20053256370120456
2425,-19.0,1.992,0.19777671960582852
2426,-19.0,2.004,0.19764009620792228
2427,-19.0,2.016,0.2111795895108728
2428,-19.0,2.028,0.20272059393843947
2429,-19.0,2.04,0.20094428528233926
2430,-19.0,2.052,0.2072780065924046
2431,-19.0,2.064,0.1922853830706452
2432,-19.0,2.076,0.19760541854104247
2433,-19.0,2.088,0.2057929497938081
2434,-19.0,2.1,0.19208953759233388
2435,-19.0,2.112,0.20129332523650234
2436,-19.0,2.124,0.20098790979803738
2437,-19.0,2.136,0.2013805769853117
2438,-19.0,2.148,0.20955623863624284
2439,-19.0,2.16,0.21047842735970237
2440,-19.0,2.1719999999999997,0.2073543297378596
2441,-19.0,2.184,0.2075235432696629
2442,-19.0,2.1959999999999997,0.2030878935710028
2443,-19.0,2.208,0.1960303366727361
2444,-19.0,2.22,0.20867317901211715
2445,-19.0,2.2319999999999998,0.20883963305956924
2446,-19.0,2.244,0.20729250720062836
2447,-19.0,2.256,0.2078259697966649
2448,-19.0,2.268,0.22888830514147365
2449,-19.0,2.28,0.234643514448388
2450,-19.0,2.2920000000000003,0.24557125873389407
2451,-19.0,2.3040000000000003,0.25745031993226647
2452,-19.0,2.316,0.2722903331166855
2453,-19.0,2.3280000000000003,0.2803237373598568
2454,-19.0,2.34,0.28458834587898935
2455,-19.0,2.352,0.2891982967942519
2456,-19.0,2.364,0.29187047973525804
2457,-19.0,2.376,0.294706486443741
2458,-19.0,2.388,0.29051347672305555
2459,-19.0,2.4,0.2974961620721606
2460,-19.0,2.412,0.30009866189420714
2461,-19.0,2.424,0.3032505339322866
2462,-19.0,2.436,0.30107298219683987
2463,-19.0,2.448,0.30237935754523315
2464,-19.0,2.46,0.3005226444829266
2465,-19.0,2.472,0.307720791656262
2466,-19.0,2.484,0.2995363737662886
2467,-19.0,2.496,0.2992234070384573
2468,-19.0,2.508,0.3035010448974045
2469,-19.0,2.52,0.30021902927477273
2470,-19.0,2.532,0.30174642842888844
2471,-19.0,2.544,0.2981332538953812
2472,-19.0,2.556,0.2997971208944256
2473,-19.0,2.568,0.31335337659951834
2474,-19.0,2.58,0.29499701041963017
2475,-19.0,2.592,0.29886880490389195
2476,-19.0,2.6039999999999996,0.2948615649245228
2477,-19.0,2.616,0.2914846736697574
2478,-19.0,2.628,0.2971366729137222
2479,-19.0,2.64,0.30273284752827034
2480,-19.0,2.6519999999999997,0.29815016013414863
2481,-19.0,2.6639999999999997,0.2993278085859608
2482,-19.0,2.676,0.2994121400592
2483,-19.0,2.688,0.30179402663195337
2484,-19.0,2.7,0.30033412495943446
2485,-19.0,2.7119999999999997,0.2951955489568411
2486,-19.0,2.7239999999999998,0.30707687498259656
2487,-19.0,2.736,0.2967913927419445
2488,-19.0,2.748,0.3020518986465653
2489,-19.0,2.76,0.303949328887415
2490,-19.0,2.772,0.2943392082702734
2491,-19.0,2.7840000000000003,0.2969371106328257
2492,-19.0,2.7960000000000003,0.29396376678897246
2493,-19.0,2.8080000000000003,0.2963012853954658
2494,-19.0,2.82,0.2926959521428037
2495,-19.0,2.832,0.3012020306516288
2496,-19.0,2.844,0.2930348584182266
2497,-19.0,2.8560000000000003,0.301858241273624
2498,-19.0,2.8680000000000003,0.28830232058388305
2499,-19.0,2.88,0.2987618529748504
2500,-19.0,2.892,0.29908800985441913
2501,-19.0,2.904,0.2938387593035314
2502,-19.0,2.9160000000000004,0.291315465969469
2503,-19.0,2.928,0.28941864409794044
2504,-19.0,2.94,0.288066702942628
2505,-19.0,2.952,0.2858601777251601
2506,-19.0,2.964,0.2895054348418676
2507,-19.0,2.9760000000000004,0.29678431659943383
2508,-19.0,2.988,0.29070587308684726
2509,-19.0,3.0,0.2905138419036073
